Lake;Transect_ID;Date;Diver;Position;Sampling_ID;Latitude;Longitude;Cloud_cover;Start_time;Segment;LeGi_Health;LeGi_Infected;Cyp_Health;Cyp_Infected;MiDo_Health;MiDo_Infected;AmRu_Health;AmRu_Infected;PeFl_Health;PeFl_Infected;Silt;Sand;Rock;Metric_block;Macrophyte;Mean_depth;Trunk;Temperature;Conductivity;DO;Turbidity;pH;TOC;TN;TP
Achigan;ACHI1;24/08/2022;Lea;Littoral;ACHI1_Littoral;45°56.127';73°57.989';50;11:52;0 - 10 m ;0;0;0;0;3;0;0;0;0;0;0;0;80;20;0;40;0;25.2;56.6;8.37;0.06;7.25;4.750;232.49;4.3049
Achigan;ACHI1;24/08/2022;Lea;Littoral;ACHI1_Littoral;45°56.127';73°57.989';50;11:55;10 - 20 m;0;0;0;0;1;0;0;0;0;0;0;0;80;20;0;35;0;25.2;56.6;8.37;0.06;7.25;4.750;232.49;4.3049
Achigan;ACHI1;24/08/2022;Lea;Littoral;ACHI1_Littoral;45°56.127';73°57.989';50;11:58;20 - 30 m;0;0;0;0;4;0;0;0;0;0;0;0;75;25;0;50;6;25.2;56.6;8.37;0.06;7.25;4.750;232.49;4.3049
Achigan;ACHI1;24/08/2022;Lea;Littoral;ACHI1_Littoral;45°56.127';73°57.989';50;12:01;30 - 40 m;0;0;0;0;0;0;0;0;0;0;0;0;70;30;0;60;0;25.2;56.6;8.37;0.06;7.25;4.750;232.49;4.3049
Achigan;ACHI1;24/08/2022;Lea;Littoral;ACHI1_Littoral;45°56.127';73°57.989';50;12:04;40 - 50 m ;0;0;0;0;1;0;0;0;0;0;0;0;40;60;0;120;2;25.2;56.6;8.37;0.06;7.25;4.750;232.49;4.3049
Achigan;ACHI1;24/08/2022;Juliane;Pelagic;ACHI1_Pelagic;45°56.127';73°57.989';50;11:52;0 - 10 m ;0;0;0;0;0;0;0;0;0;0;0;5;93;2;1;90;0;25.2;56.6;8.37;0.06;7.25;4.750;232.49;4.3049
Achigan;ACHI1;24/08/2022;Juliane;Pelagic;ACHI1_Pelagic;45°56.127';73°57.989';50;11:55;10 - 20 m;0;0;0;0;0;0;0;0;0;0;0;5;85;10;25;150;0;25.2;56.6;8.37;0.06;7.25;4.750;232.49;4.3049
Achigan;ACHI1;24/08/2022;Juliane;Pelagic;ACHI1_Pelagic;45°56.127';73°57.989';50;11:58;20 - 30 m;0;0;0;0;0;0;0;0;0;0;0;10;70;20;5;200;2;25.2;56.6;8.37;0.06;7.25;4.750;232.49;4.3049
Achigan;ACHI1;24/08/2022;Juliane;Pelagic;ACHI1_Pelagic;45°56.127';73°57.989';50;12:01;30 - 40 m;0;0;0;0;0;0;0;0;0;0;0;15;75;10;5;220;2;25.2;56.6;8.37;0.06;7.25;4.750;232.49;4.3049
Achigan;ACHI1;24/08/2022;Juliane;Pelagic;ACHI1_Pelagic;45°56.127';73°57.989';50;12:04;40 - 50 m ;0;0;0;0;0;0;0;0;0;0;0;15;80;5;2;220;3;25.2;56.6;8.37;0.06;7.25;4.750;232.49;4.3049
Achigan;ACHI2;24/08/2022;Charles;Littoral;ACHI2_Littoral;45°56.025';73°57.398';5;13:14;0 - 10 m ;0;0;0;0;0;0;0;0;0;0;0;0;100;0;0;30;0;24.3;55.2;8.55;0.38;7.38;4.670;259.85;6.2188
Achigan;ACHI2;24/08/2022;Charles;Littoral;ACHI2_Littoral;45°56.025';73°57.398';5;13:17;10 - 20 m;0;0;0;0;0;0;0;0;0;0;0;0;95;5;0;35;0;24.3;55.2;8.55;0.38;7.38;4.670;259.85;6.2188
Achigan;ACHI2;24/08/2022;Charles;Littoral;ACHI2_Littoral;45°56.025';73°57.398';5;13:20;20 - 30 m;0;0;0;0;0;0;0;0;0;0;0;0;100;0;0;25;1;24.3;55.2;8.55;0.38;7.38;4.670;259.85;6.2188
Achigan;ACHI2;24/08/2022;Charles;Littoral;ACHI2_Littoral;45°56.025';73°57.398';5;13:23;30 - 40 m;0;0;0;0;0;0;0;0;0;0;0;0;100;0;1;30;0;24.3;55.2;8.55;0.38;7.38;4.670;259.85;6.2188
Achigan;ACHI2;24/08/2022;Charles;Littoral;ACHI2_Littoral;45°56.025';73°57.398';5;13:26;40 - 50 m ;0;0;0;0;0;0;0;0;0;0;0;0;100;0;3;30;0;24.3;55.2;8.55;0.38;7.38;4.670;259.85;6.2188
Achigan;ACHI2;24/08/2022;Lea;Pelagic;ACHI2_Pelagic;45°56.025';73°57.398';5;13:14;0 - 10 m ;0;0;0;0;0;0;0;0;0;0;0;0;70;30;0;180;3;24.3;55.2;8.55;0.38;7.38;4.670;259.85;6.2188
Achigan;ACHI2;24/08/2022;Lea;Pelagic;ACHI2_Pelagic;45°56.025';73°57.398';5;13:17;10 - 20 m;0;0;0;0;0;0;0;0;0;0;30;0;60;10;0;200;6;24.3;55.2;8.55;0.38;7.38;4.670;259.85;6.2188
Achigan;ACHI2;24/08/2022;Lea;Pelagic;ACHI2_Pelagic;45°56.025';73°57.398';5;13:20;20 - 30 m;0;0;0;0;0;0;0;0;0;0;0;0;65;35;0;120;0;24.3;55.2;8.55;0.38;7.38;4.670;259.85;6.2188
Achigan;ACHI2;24/08/2022;Lea;Pelagic;ACHI2_Pelagic;45°56.025';73°57.398';5;13:23;30 - 40 m;0;0;0;0;0;0;0;0;0;0;0;0;80;20;0;50;0;24.3;55.2;8.55;0.38;7.38;4.670;259.85;6.2188
Achigan;ACHI2;24/08/2022;Lea;Pelagic;ACHI2_Pelagic;45°56.025';73°57.398';5;13:26;40 - 50 m ;0;0;0;0;0;0;0;0;0;0;10;15;65;10;10;90;3;24.3;55.2;8.55;0.38;7.38;4.670;259.85;6.2188
Achigan;ACHI3;24/08/2022;Juliane;Littoral;ACHI3_Littoral;45°56.038';73°57.346';75;14:01;0 - 10 m ;0;0;0;0;2;0;0;0;0;0;2;0;8;90;2;50;0;24.5;55.7;8.66;0.17;7.56;4.750;299.75;5.8841
Achigan;ACHI3;24/08/2022;Juliane;Littoral;ACHI3_Littoral;45°56.038';73°57.346';75;14:04;10 - 20 m;0;0;0;0;1;0;0;0;0;0;10;0;10;70;15;60;1;24.5;55.7;8.66;0.17;7.56;4.750;299.75;5.8841
Achigan;ACHI3;24/08/2022;Juliane;Littoral;ACHI3_Littoral;45°56.038';73°57.346';75;14:07;20 - 30 m;0;0;0;0;1;0;0;0;0;0;10;0;30;60;10;60;2;24.5;55.7;8.66;0.17;7.56;4.750;299.75;5.8841
Achigan;ACHI3;24/08/2022;Juliane;Littoral;ACHI3_Littoral;45°56.038';73°57.346';75;14:10;30 - 40 m;0;0;0;0;1;0;0;0;0;0;15;0;50;35;5;50;4;24.5;55.7;8.66;0.17;7.56;4.750;299.75;5.8841
Achigan;ACHI3;24/08/2022;Juliane;Littoral;ACHI3_Littoral;45°56.038';73°57.346';75;14:13;40 - 50 m ;0;0;0;0;1;0;0;0;0;0;5;0;50;45;2;50;1;24.5;55.7;8.66;0.17;7.56;4.750;299.75;5.8841
Achigan;ACHI3;24/08/2022;Charles;Pelagic;ACHI3_Pelagic;45°56.038';73°57.346';75;14:01;0 - 10 m ;0;0;0;0;1;0;0;0;0;0;80;0;15;5;15;200;3;24.5;55.7;8.66;0.17;7.56;4.750;299.75;5.8841
Achigan;ACHI3;24/08/2022;Charles;Pelagic;ACHI3_Pelagic;45°56.038';73°57.346';75;14:04;10 - 20 m;0;0;0;0;0;0;0;0;0;0;60;0;35;5;10;210;6;24.5;55.7;8.66;0.17;7.56;4.750;299.75;5.8841
Achigan;ACHI3;24/08/2022;Charles;Pelagic;ACHI3_Pelagic;45°56.038';73°57.346';75;14:07;20 - 30 m;0;0;0;0;0;0;0;0;0;0;10;0;5;85;5;250;7;24.5;55.7;8.66;0.17;7.56;4.750;299.75;5.8841
Achigan;ACHI3;24/08/2022;Charles;Pelagic;ACHI3_Pelagic;45°56.038';73°57.346';75;14:10;30 - 40 m;0;0;0;0;0;0;0;0;0;0;90;0;5;5;5;120;1;24.5;55.7;8.66;0.17;7.56;4.750;299.75;5.8841
Achigan;ACHI3;24/08/2022;Charles;Pelagic;ACHI3_Pelagic;45°56.038';73°57.346';75;14:13;40 - 50 m ;0;0;0;0;0;1;0;0;0;0;5;0;0;95;0;100;1;24.5;55.7;8.66;0.17;7.56;4.750;299.75;5.8841
Achigan;ACHI4;24/08/2022;Juliane;Littoral;ACHI4_Littoral;45°56.274';73°57.020';50;14:45;0 - 10 m ;0;0;0;0;2;0;0;0;0;0;0;0;50;50;0;50;0;24.5;55.6;8.67;0.18;7.38;4.670;238.19;5.4528
Achigan;ACHI4;24/08/2022;Juliane;Littoral;ACHI4_Littoral;45°56.274';73°57.020';50;14:48;10 - 20 m;0;0;0;0;2;0;0;0;0;0;0;0;30;70;0;40;0;24.5;55.6;8.67;0.18;7.38;4.670;238.19;5.4528
Achigan;ACHI4;24/08/2022;Juliane;Littoral;ACHI4_Littoral;45°56.274';73°57.020';50;14:51;20 - 30 m;0;0;0;0;1;0;0;0;0;0;0;0;50;50;0;40;0;24.5;55.6;8.67;0.18;7.38;4.670;238.19;5.4528
Achigan;ACHI4;24/08/2022;Juliane;Littoral;ACHI4_Littoral;45°56.274';73°57.020';50;14:54;30 - 40 m;0;0;0;0;2;1;0;0;0;0;0;0;40;60;0;30;0;24.5;55.6;8.67;0.18;7.38;4.670;238.19;5.4528
Achigan;ACHI4;24/08/2022;Juliane;Littoral;ACHI4_Littoral;45°56.274';73°57.020';50;14:57;40 - 50 m ;0;0;0;0;1;0;0;0;0;0;0;0;30;70;0;50;0;24.5;55.6;8.67;0.18;7.38;4.670;238.19;5.4528
Achigan;ACHI4;24/08/2022;Charles;Pelagic;ACHI4_Pelagic;45°56.274';73°57.020';50;14:45;0 - 10 m ;0;0;0;0;0;0;0;0;0;0;0;0;90;10;0;230;0;24.5;55.6;8.67;0.18;7.38;4.670;238.19;5.4528
Achigan;ACHI4;24/08/2022;Charles;Pelagic;ACHI4_Pelagic;45°56.274';73°57.020';50;14:48;10 - 20 m;0;0;0;0;1;0;0;0;0;0;0;0;95;5;0;230;1;24.5;55.6;8.67;0.18;7.38;4.670;238.19;5.4528
Achigan;ACHI4;24/08/2022;Charles;Pelagic;ACHI4_Pelagic;45°56.274';73°57.020';50;14:51;20 - 30 m;0;0;0;0;1;0;0;0;0;0;0;0;95;5;0;220;1;24.5;55.6;8.67;0.18;7.38;4.670;238.19;5.4528
Achigan;ACHI4;24/08/2022;Charles;Pelagic;ACHI4_Pelagic;45°56.274';73°57.020';50;14:54;30 - 40 m;0;0;0;0;1;0;0;0;0;0;0;0;95;5;1;280;6;24.5;55.6;8.67;0.18;7.38;4.670;238.19;5.4528
Achigan;ACHI4;24/08/2022;Charles;Pelagic;ACHI4_Pelagic;45°56.274';73°57.020';50;14:57;40 - 50 m ;0;0;0;0;2;0;0;0;0;0;0;0;95;5;1;300;1;24.5;55.6;8.67;0.18;7.38;4.670;238.19;5.4528
Achigan;ACHI5;24/08/2022;Juliane;Littoral;ACHI5_Littoral;45°56.390';73°59.699';1;10:23;0 - 10 m ;0;0;0;0;0;0;0;0;0;0;0;18;80;2;15;20;0;23.6;56.1;8.78;0.24;6.83;4.780;242.75;6.6700
Achigan;ACHI5;24/08/2022;Juliane;Littoral;ACHI5_Littoral;45°56.390';73°59.699';1;10:26;10 - 20 m;0;0;0;0;0;0;0;0;0;0;0;20;78;2;10;20;0;23.6;56.1;8.78;0.24;6.83;4.780;242.75;6.6700
Achigan;ACHI5;24/08/2022;Juliane;Littoral;ACHI5_Littoral;45°56.390';73°59.699';1;10:29;20 - 30 m;0;0;0;0;1;0;0;0;0;0;0;15;85;0;5;20;0;23.6;56.1;8.78;0.24;6.83;4.780;242.75;6.6700
Achigan;ACHI5;24/08/2022;Juliane;Littoral;ACHI5_Littoral;45°56.390';73°59.699';1;10:32;30 - 40 m;0;0;0;0;1;0;0;0;0;0;0;25;73;2;2;25;0;23.6;56.1;8.78;0.24;6.83;4.780;242.75;6.6700
Achigan;ACHI5;24/08/2022;Juliane;Littoral;ACHI5_Littoral;45°56.390';73°59.699';1;10:35;40 - 50 m ;0;0;0;0;0;0;0;0;0;0;0;10;90;0;5;20;0;23.6;56.1;8.78;0.24;6.83;4.780;242.75;6.6700
Achigan;ACHI5;24/08/2022;Lea;Pelagic;ACHI5_Pelagic;45°56.390';73°59.699';1;10:23;0 - 10 m ;0;0;0;0;0;0;0;0;0;0;15;50;35;0;50;45;0;23.6;56.1;8.78;0.24;6.83;4.780;242.75;6.6700
Achigan;ACHI5;24/08/2022;Lea;Pelagic;ACHI5_Pelagic;45°56.390';73°59.699';1;10:26;10 - 20 m;10;0;33;0;0;0;0;0;0;0;15;85;0;0;85;60;0;23.6;56.1;8.78;0.24;6.83;4.780;242.75;6.6700
Achigan;ACHI5;24/08/2022;Lea;Pelagic;ACHI5_Pelagic;45°56.390';73°59.699';1;10:29;20 - 30 m;10;0;20;0;0;0;0;0;0;0;20;75;5;0;65;70;1;23.6;56.1;8.78;0.24;6.83;4.780;242.75;6.6700
Achigan;ACHI5;24/08/2022;Lea;Pelagic;ACHI5_Pelagic;45°56.390';73°59.699';1;10:32;30 - 40 m;0;0;0;0;0;0;0;0;0;0;20;70;0;10;60;55;0;23.6;56.1;8.78;0.24;6.83;4.780;242.75;6.6700
Achigan;ACHI5;24/08/2022;Lea;Pelagic;ACHI5_Pelagic;45°56.390';73°59.699';1;10:35;40 - 50 m ;30;0;35;0;1;0;0;0;0;0;20;70;10;0;70;40;0;23.6;56.1;8.78;0.24;6.83;4.780;242.75;6.6700
Achigan;ACHI6;24/08/2022;Lea;Littoral;ACHI6_Littoral;45°56.561';73°58.328';10;11:07;0 - 10 m ;0;0;0;0;0;0;0;0;0;0;0;0;90;10;10;40;2;24.3;55.9;8.60;0.16;6.98;4.830;240.47;4.7597
Achigan;ACHI6;24/08/2022;Lea;Littoral;ACHI6_Littoral;45°56.561';73°58.328';10;11:10;10 - 20 m;0;0;0;0;0;0;0;0;0;0;0;0;80;20;5;40;0;24.3;55.9;8.60;0.16;6.98;4.830;240.47;4.7597
Achigan;ACHI6;24/08/2022;Lea;Littoral;ACHI6_Littoral;45°56.561';73°58.328';10;11:13;20 - 30 m;0;0;0;0;0;0;0;0;0;0;0;0;90;10;0;30;0;24.3;55.9;8.60;0.16;6.98;4.830;240.47;4.7597
Achigan;ACHI6;24/08/2022;Lea;Littoral;ACHI6_Littoral;45°56.561';73°58.328';10;11:16;30 - 40 m;0;0;0;0;0;0;0;0;0;0;0;0;60;40;3;40;0;24.3;55.9;8.60;0.16;6.98;4.830;240.47;4.7597
Achigan;ACHI6;24/08/2022;Lea;Littoral;ACHI6_Littoral;45°56.561';73°58.328';10;11:19;40 - 50 m ;0;0;0;0;2;3;0;0;0;0;0;0;70;30;0;70;0;24.3;55.9;8.60;0.16;6.98;4.830;240.47;4.7597
Achigan;ACHI6;24/08/2022;Juliane;Pelagic;ACHI6_Pelagic;45°56.561';73°58.328';10;11:07;0 - 10 m ;0;0;0;0;2;0;0;0;0;0;0;25;70;5;0;70;0;24.3;55.9;8.60;0.16;6.98;4.830;240.47;4.7597
Achigan;ACHI6;24/08/2022;Juliane;Pelagic;ACHI6_Pelagic;45°56.561';73°58.328';10;11:10;10 - 20 m;0;0;0;0;0;0;0;0;0;0;0;20;70;10;2;120;2;24.3;55.9;8.60;0.16;6.98;4.830;240.47;4.7597
Achigan;ACHI6;24/08/2022;Juliane;Pelagic;ACHI6_Pelagic;45°56.561';73°58.328';10;11:13;20 - 30 m;0;0;0;0;1;0;0;0;0;0;0;30;63;7;0;80;3;24.3;55.9;8.60;0.16;6.98;4.830;240.47;4.7597
Achigan;ACHI6;24/08/2022;Juliane;Pelagic;ACHI6_Pelagic;45°56.561';73°58.328';10;11:16;30 - 40 m;0;0;0;0;0;0;0;0;0;0;0;20;75;5;1;70;2;24.3;55.9;8.60;0.16;6.98;4.830;240.47;4.7597
Achigan;ACHI6;24/08/2022;Juliane;Pelagic;ACHI6_Pelagic;45°56.561';73°58.328';10;11:19;40 - 50 m ;0;0;0;0;1;0;0;0;0;0;0;20;60;20;1;100;3;24.3;55.9;8.60;0.16;6.98;4.830;240.47;4.7597
Beaver;BEAV1;10/08/2022;NA;NA;BEAV1_NA;45°55.557';74°03.855';80;15:52;0 - 10 m ;NA;NA;NA;NA;NA;NA;NA;NA;NA;NA;NA;NA;NA;NA;NA;NA;NA;23.0;26.0;8.87;1.78;6.60;9.150;487.85;18.4269
Beaver;BEAV1;10/08/2022;NA;NA;BEAV1_NA;45°55.557';74°03.855';80;15:52;10 - 20 m;NA;NA;NA;NA;NA;NA;NA;NA;NA;NA;NA;NA;NA;NA;NA;NA;NA;23.0;26.0;8.87;1.78;6.60;9.150;487.85;18.4269
Beaver;BEAV1;10/08/2022;NA;NA;BEAV1_NA;45°55.557';74°03.855';80;15:52;20 - 30 m;NA;NA;NA;NA;NA;NA;NA;NA;NA;NA;NA;NA;NA;NA;NA;NA;NA;23.0;26.0;8.87;1.78;6.60;9.150;487.85;18.4269
Beaver;BEAV1;10/08/2022;NA;NA;BEAV1_NA;45°55.557';74°03.855';80;15:52;30 - 40 m;NA;NA;NA;NA;NA;NA;NA;NA;NA;NA;NA;NA;NA;NA;NA;NA;NA;23.0;26.0;8.87;1.78;6.60;9.150;487.85;18.4269
Beaver;BEAV1;10/08/2022;NA;NA;BEAV1_NA;45°55.557';74°03.855';80;15:52;40 - 50 m ;NA;NA;NA;NA;NA;NA;NA;NA;NA;NA;NA;NA;NA;NA;NA;NA;NA;23.0;26.0;8.87;1.78;6.60;9.150;487.85;18.4269
Beaver;BEAV2;10/08/2022;NA;NA;BEAV2_NA;45°55.471';74°03.804';75;16:05;0 - 10 m ;NA;NA;NA;NA;NA;NA;NA;NA;NA;NA;NA;NA;NA;NA;NA;NA;NA;22.7;26.0;8.82;1.88;6.77;9.170;499.25;19.4058
Beaver;BEAV2;10/08/2022;NA;NA;BEAV2_NA;45°55.471';74°03.804';75;16:05;10 - 20 m;NA;NA;NA;NA;NA;NA;NA;NA;NA;NA;NA;NA;NA;NA;NA;NA;NA;22.7;26.0;8.82;1.88;6.77;9.170;499.25;19.4058
Beaver;BEAV2;10/08/2022;NA;NA;BEAV2_NA;45°55.471';74°03.804';75;16:05;20 - 30 m;NA;NA;NA;NA;NA;NA;NA;NA;NA;NA;NA;NA;NA;NA;NA;NA;NA;22.7;26.0;8.82;1.88;6.77;9.170;499.25;19.4058
Beaver;BEAV2;10/08/2022;NA;NA;BEAV2_NA;45°55.471';74°03.804';75;16:05;30 - 40 m;NA;NA;NA;NA;NA;NA;NA;NA;NA;NA;NA;NA;NA;NA;NA;NA;NA;22.7;26.0;8.82;1.88;6.77;9.170;499.25;19.4058
Beaver;BEAV2;10/08/2022;NA;NA;BEAV2_NA;45°55.471';74°03.804';75;16:05;40 - 50 m ;NA;NA;NA;NA;NA;NA;NA;NA;NA;NA;NA;NA;NA;NA;NA;NA;NA;22.7;26.0;8.82;1.88;6.77;9.170;499.25;19.4058
Coeur;COEU1;25/08/2022;Juliane;Littoral;COEU1_Littoral;45°58.278';74°00.493';60;11:26;0 - 10 m ;5;16;0;0;3;1;0;0;0;0;0;0;50;50;2;100;4;23.6;53.8;8.37;0.29;7.38;5.750;419.45;9.5510
Coeur;COEU1;25/08/2022;Juliane;Littoral;COEU1_Littoral;45°58.278';74°00.493';60;11:26;10 - 20 m;1;2;0;0;1;0;0;0;0;0;0;0;40;60;1;110;4;23.6;53.8;8.37;0.29;7.38;5.750;419.45;9.5510
Coeur;COEU1;25/08/2022;Juliane;Littoral;COEU1_Littoral;45°58.278';74°00.493';60;11:26;20 - 30 m;2;5;0;0;1;2;0;0;0;0;0;0;30;70;0;60;4;23.6;53.8;8.37;0.29;7.38;5.750;419.45;9.5510
Coeur;COEU1;25/08/2022;Juliane;Littoral;COEU1_Littoral;45°58.278';74°00.493';60;11:26;30 - 40 m;2;8;0;0;1;1;0;0;0;0;20;0;20;60;5;70;2;23.6;53.8;8.37;0.29;7.38;5.750;419.45;9.5510
Coeur;COEU1;25/08/2022;Juliane;Littoral;COEU1_Littoral;45°58.278';74°00.493';60;11:26;40 - 50 m ;4;14;0;0;3;0;0;0;0;0;30;0;30;40;2;120;6;23.6;53.8;8.37;0.29;7.38;5.750;419.45;9.5510
Coeur;COEU1;25/08/2022;Charles;Pelagic;COEU1_Pelagic;45°58.278';74°00.493';60;11:26;0 - 10 m ;0;4;0;0;2;5;0;0;0;0;90;0;5;5;3;250;20;23.6;53.8;8.37;0.29;7.38;5.750;419.45;9.5510
Coeur;COEU1;25/08/2022;Charles;Pelagic;COEU1_Pelagic;45°58.278';74°00.493';60;11:26;10 - 20 m;0;1;0;0;5;5;0;0;0;0;80;0;10;10;0;290;15;23.6;53.8;8.37;0.29;7.38;5.750;419.45;9.5510
Coeur;COEU1;25/08/2022;Charles;Pelagic;COEU1_Pelagic;45°58.278';74°00.493';60;11:26;20 - 30 m;0;2;0;0;11;2;0;0;0;0;60;0;40;0;5;310;10;23.6;53.8;8.37;0.29;7.38;5.750;419.45;9.5510
Coeur;COEU1;25/08/2022;Charles;Pelagic;COEU1_Pelagic;45°58.278';74°00.493';60;11:26;30 - 40 m;0;1;0;0;2;2;0;0;0;0;50;0;50;0;5;300;5;23.6;53.8;8.37;0.29;7.38;5.750;419.45;9.5510
Coeur;COEU1;25/08/2022;Charles;Pelagic;COEU1_Pelagic;45°58.278';74°00.493';60;11:26;40 - 50 m ;0;0;0;0;7;1;0;0;0;0;100;0;0;0;0;265;10;23.6;53.8;8.37;0.29;7.38;5.750;419.45;9.5510
Coeur;COEU2;25/08/2022;Charles;Littoral;COEU2_Littoral;45°58.220';74°00.526';30;10:53;0 - 10 m ;0;7;0;0;0;0;0;0;0;0;90;0;8;2;25;60;2;23.3;53.5;8.38;0.33;7.25;5.630;370.43;8.4576
Coeur;COEU2;25/08/2022;Charles;Littoral;COEU2_Littoral;45°58.220';74°00.526';30;10:53;10 - 20 m;0;29;0;0;0;1;0;0;3;3;85;0;10;5;45;60;0;23.3;53.5;8.38;0.33;7.25;5.630;370.43;8.4576
Coeur;COEU2;25/08/2022;Charles;Littoral;COEU2_Littoral;45°58.220';74°00.526';30;10:53;20 - 30 m;0;12;0;0;0;0;0;0;3;4;60;0;20;20;2;65;2;23.3;53.5;8.38;0.33;7.25;5.630;370.43;8.4576
Coeur;COEU2;25/08/2022;Charles;Littoral;COEU2_Littoral;45°58.220';74°00.526';30;10:53;30 - 40 m;0;0;0;0;1;0;0;0;0;0;10;0;60;30;1;30;0;23.3;53.5;8.38;0.33;7.25;5.630;370.43;8.4576
Coeur;COEU2;25/08/2022;Charles;Littoral;COEU2_Littoral;45°58.220';74°00.526';30;10:53;40 - 50 m ;0;4;0;0;0;0;0;0;0;0;20;0;0;80;2;80;8;23.3;53.5;8.38;0.33;7.25;5.630;370.43;8.4576
Coeur;COEU2;25/08/2022;Juliane;Pelagic;COEU2_Pelagic;45°58.220';74°00.526';30;10:53;0 - 10 m ;0;4;0;0;1;1;0;0;0;0;0;0;50;50;5;50;0;23.3;53.5;8.38;0.33;7.25;5.630;370.43;8.4576
Coeur;COEU2;25/08/2022;Juliane;Pelagic;COEU2_Pelagic;45°58.220';74°00.526';30;10:53;10 - 20 m;3;6;0;0;0;0;0;0;5;0;50;0;20;30;5;90;0;23.3;53.5;8.38;0.33;7.25;5.630;370.43;8.4576
Coeur;COEU2;25/08/2022;Juliane;Pelagic;COEU2_Pelagic;45°58.220';74°00.526';30;10:53;20 - 30 m;0;1;0;0;1;0;0;0;0;0;10;0;30;60;5;100;3;23.3;53.5;8.38;0.33;7.25;5.630;370.43;8.4576
Coeur;COEU2;25/08/2022;Juliane;Pelagic;COEU2_Pelagic;45°58.220';74°00.526';30;10:53;30 - 40 m;1;0;0;0;3;0;0;0;0;0;20;0;30;50;40;40;1;23.3;53.5;8.38;0.33;7.25;5.630;370.43;8.4576
Coeur;COEU2;25/08/2022;Juliane;Pelagic;COEU2_Pelagic;45°58.220';74°00.526';30;10:53;40 - 50 m ;1;3;0;0;5;0;0;0;0;0;20;0;70;10;90;50;0;23.3;53.5;8.38;0.33;7.25;5.630;370.43;8.4576
Coeur;COEU3;25/08/2022;Juliane;Littoral;COEU3_Littoral;45°58.095';74°00.775';40;10:20;0 - 10 m ;2;3;0;0;3;2;0;0;2;0;15;0;50;35;50;25;2;23.0;53.4;8.26;0.2;7.13;5.600;331.67;7.3317
Coeur;COEU3;25/08/2022;Juliane;Littoral;COEU3_Littoral;45°58.095';74°00.775';40;10:20;10 - 20 m;4;18;0;0;1;1;0;0;1;0;10;0;30;60;15;30;1;23.0;53.4;8.26;0.2;7.13;5.600;331.67;7.3317
Coeur;COEU3;25/08/2022;Juliane;Littoral;COEU3_Littoral;45°58.095';74°00.775';40;10:20;20 - 30 m;2;12;0;0;1;1;0;0;0;0;40;0;30;30;10;20;1;23.0;53.4;8.26;0.2;7.13;5.600;331.67;7.3317
Coeur;COEU3;25/08/2022;Juliane;Littoral;COEU3_Littoral;45°58.095';74°00.775';40;10:20;30 - 40 m;0;2;0;0;1;0;0;0;0;0;30;0;20;50;10;40;1;23.0;53.4;8.26;0.2;7.13;5.600;331.67;7.3317
Coeur;COEU3;25/08/2022;Juliane;Littoral;COEU3_Littoral;45°58.095';74°00.775';40;10:20;40 - 50 m ;0;7;0;0;5;2;0;0;0;0;10;0;20;70;2;20;1;23.0;53.4;8.26;0.2;7.13;5.600;331.67;7.3317
Coeur;COEU3;25/08/2022;Charles;Pelagic;COEU3_Pelagic;45°58.095';74°00.775';40;10:20;0 - 10 m ;0;0;0;0;0;0;0;0;0;0;0;0;0;100;0;400;0;23.0;53.4;8.26;0.2;7.13;5.600;331.67;7.3317
Coeur;COEU3;25/08/2022;Charles;Pelagic;COEU3_Pelagic;45°58.095';74°00.775';40;10:20;10 - 20 m;0;0;0;0;1;0;0;0;0;0;30;0;0;70;0;60;1;23.0;53.4;8.26;0.2;7.13;5.600;331.67;7.3317
Coeur;COEU3;25/08/2022;Charles;Pelagic;COEU3_Pelagic;45°58.095';74°00.775';40;10:20;20 - 30 m;0;0;0;0;4;1;0;0;0;0;65;0;15;20;3;70;0;23.0;53.4;8.26;0.2;7.13;5.600;331.67;7.3317
Coeur;COEU3;25/08/2022;Charles;Pelagic;COEU3_Pelagic;45°58.095';74°00.775';40;10:20;30 - 40 m;0;0;0;0;1;2;0;0;0;0;70;0;10;20;0;65;1;23.0;53.4;8.26;0.2;7.13;5.600;331.67;7.3317
Coeur;COEU3;25/08/2022;Charles;Pelagic;COEU3_Pelagic;45°58.095';74°00.775';40;10:20;40 - 50 m ;0;0;0;0;0;7;0;0;0;0;69;0;30;1;0;70;1;23.0;53.4;8.26;0.2;7.13;5.600;331.67;7.3317
Coeur;COEU4;25/08/2022;Charles;Littoral;COEU4_Littoral;45°58.086';74°00.835';40;09:45;0 - 10 m ;0;0;0;0;0;6;0;0;0;0;80;0;15;5;5;70;10;22.8;53.2;8.26;0.28;6.78;5.640;341.93;6.9554
Coeur;COEU4;25/08/2022;Charles;Littoral;COEU4_Littoral;45°58.086';74°00.835';40;09:45;10 - 20 m;0;0;0;0;0;2;0;0;0;0;10;0;10;80;0;70;15;22.8;53.2;8.26;0.28;6.78;5.640;341.93;6.9554
Coeur;COEU4;25/08/2022;Charles;Littoral;COEU4_Littoral;45°58.086';74°00.835';40;09:45;20 - 30 m;0;0;0;0;0;1;0;0;0;0;90;0;0;10;15;50;10;22.8;53.2;8.26;0.28;6.78;5.640;341.93;6.9554
Coeur;COEU4;25/08/2022;Charles;Littoral;COEU4_Littoral;45°58.086';74°00.835';40;09:45;30 - 40 m;0;14;0;0;0;2;0;0;0;0;95;0;0;5;10;70;12;22.8;53.2;8.26;0.28;6.78;5.640;341.93;6.9554
Coeur;COEU4;25/08/2022;Charles;Littoral;COEU4_Littoral;45°58.086';74°00.835';40;09:45;40 - 50 m ;0;19;0;0;0;4;0;0;2;0;95;0;4;1;20;60;25;22.8;53.2;8.26;0.28;6.78;5.640;341.93;6.9554
Coeur;COEU4;25/08/2022;Juliane;Pelagic;COEU4_Pelagic;45°58.086';74°00.835';40;09:45;0 - 10 m ;0;0;0;0;1;0;0;0;0;0;70;0;10;20;40;80;1;22.8;53.2;8.26;0.28;6.78;5.640;341.93;6.9554
Coeur;COEU4;25/08/2022;Juliane;Pelagic;COEU4_Pelagic;45°58.086';74°00.835';40;09:45;10 - 20 m;0;0;0;0;6;0;0;0;0;0;50;0;20;30;10;100;2;22.8;53.2;8.26;0.28;6.78;5.640;341.93;6.9554
Coeur;COEU4;25/08/2022;Juliane;Pelagic;COEU4_Pelagic;45°58.086';74°00.835';40;09:45;20 - 30 m;0;0;0;0;4;0;0;0;0;0;10;0;30;60;0;250;1;22.8;53.2;8.26;0.28;6.78;5.640;341.93;6.9554
Coeur;COEU4;25/08/2022;Juliane;Pelagic;COEU4_Pelagic;45°58.086';74°00.835';40;09:45;30 - 40 m;0;1;0;0;6;0;0;0;0;0;10;0;40;50;1;220;1;22.8;53.2;8.26;0.28;6.78;5.640;341.93;6.9554
Coeur;COEU4;25/08/2022;Juliane;Pelagic;COEU4_Pelagic;45°58.086';74°00.835';40;09:45;40 - 50 m ;4;4;0;0;4;0;0;0;1;0;60;0;30;10;5;110;2;22.8;53.2;8.26;0.28;6.78;5.640;341.93;6.9554
Cornu;CORN1;18/08/2022;Charles;Littoral;CORN1_Littoral;45°52.949';74°00.138';100;12:10;0 - 10 m ;0;35;0;0;0;0;0;0;0;0;25;0;0;75;0;475;50;22.6;147.8;8.69;0.74;7.33;3.970;324.83;6.9125
Cornu;CORN1;18/08/2022;Charles;Littoral;CORN1_Littoral;45°52.949';74°00.138';100;12:13;10 - 20 m;0;12;0;0;0;1;0;0;0;0;85;0;0;15;0;275;50;22.6;147.8;8.69;0.74;7.33;3.970;324.83;6.9125
Cornu;CORN1;18/08/2022;Charles;Littoral;CORN1_Littoral;45°52.949';74°00.138';100;12:16;20 - 30 m;0;2;20;0;2;3;0;0;0;0;80;0;0;20;0;400;50;22.6;147.8;8.69;0.74;7.33;3.970;324.83;6.9125
Cornu;CORN1;18/08/2022;Charles;Littoral;CORN1_Littoral;45°52.949';74°00.138';100;12:19;30 - 40 m;0;3;0;0;1;5;0;0;0;0;95;0;0;5;0;300;50;22.6;147.8;8.69;0.74;7.33;3.970;324.83;6.9125
Cornu;CORN1;18/08/2022;Charles;Littoral;CORN1_Littoral;45°52.949';74°00.138';100;12:22;40 - 50 m ;1;0;0;0;0;0;0;0;0;0;95;0;0;5;0;300;50;22.6;147.8;8.69;0.74;7.33;3.970;324.83;6.9125
Cornu;CORN1;18/08/2022;Juliane;Pelagic;CORN1_Pelagic;45°52.949';74°00.138';100;12:10;0 - 10 m ;4;3;0;0;2;0;0;0;1;0;50;0;0;50;0;400;25;22.6;147.8;8.69;0.74;7.33;3.970;324.83;6.9125
Cornu;CORN1;18/08/2022;Juliane;Pelagic;CORN1_Pelagic;45°52.949';74°00.138';100;12:13;10 - 20 m;0;0;0;0;6;4;0;0;0;0;50;0;0;50;0;350;20;22.6;147.8;8.69;0.74;7.33;3.970;324.83;6.9125
Cornu;CORN1;18/08/2022;Juliane;Pelagic;CORN1_Pelagic;45°52.949';74°00.138';100;12:16;20 - 30 m;0;0;0;0;5;0;0;0;0;0;60;0;0;40;0;500;15;22.6;147.8;8.69;0.74;7.33;3.970;324.83;6.9125
Cornu;CORN1;18/08/2022;Juliane;Pelagic;CORN1_Pelagic;45°52.949';74°00.138';100;12:19;30 - 40 m;1;0;0;0;4;0;0;0;0;0;50;0;0;50;0;350;20;22.6;147.8;8.69;0.74;7.33;3.970;324.83;6.9125
Cornu;CORN1;18/08/2022;Juliane;Pelagic;CORN1_Pelagic;45°52.949';74°00.138';100;12:22;40 - 50 m ;1;0;0;0;6;0;0;0;0;0;30;0;10;60;0;350;50;22.6;147.8;8.69;0.74;7.33;3.970;324.83;6.9125
Cornu;CORN2;18/08/2022;Charles;Littoral;CORN2_Littoral;45°53.090';74°00.339';100;10:09;0 - 10 m ;1;23;11;0;0;1;0;0;0;0;100;0;0;0;40;25;0;22.5;149.6;8.00;0.41;6.87;4.050;292.91;7.6265
Cornu;CORN2;18/08/2022;Charles;Littoral;CORN2_Littoral;45°53.090';74°00.339';100;10:12;10 - 20 m;3;9;32;0;0;2;0;0;0;0;100;0;0;0;45;20;1;22.5;149.6;8.00;0.41;6.87;4.050;292.91;7.6265
Cornu;CORN2;18/08/2022;Charles;Littoral;CORN2_Littoral;45°53.090';74°00.339';100;10:15;20 - 30 m;1;10;0;0;0;0;0;0;0;0;100;0;0;0;30;20;1;22.5;149.6;8.00;0.41;6.87;4.050;292.91;7.6265
Cornu;CORN2;18/08/2022;Charles;Littoral;CORN2_Littoral;45°53.090';74°00.339';100;10:18;30 - 40 m;1;5;0;0;0;0;0;0;0;0;100;0;0;0;20;60;10;22.5;149.6;8.00;0.41;6.87;4.050;292.91;7.6265
Cornu;CORN2;18/08/2022;Charles;Littoral;CORN2_Littoral;45°53.090';74°00.339';100;10:21;40 - 50 m ;0;88;41;0;0;0;0;0;0;0;100;0;0;0;20;45;8;22.5;149.6;8.00;0.41;6.87;4.050;292.91;7.6265
Cornu;CORN2;18/08/2022;Lea;Pelagic;CORN2_Pelagic;45°53.090';74°00.339';100;10:09;0 - 10 m ;2;40;16;0;0;0;0;0;0;0;100;0;0;0;30;40;8;22.5;149.6;8.00;0.41;6.87;4.050;292.91;7.6265
Cornu;CORN2;18/08/2022;Lea;Pelagic;CORN2_Pelagic;45°53.090';74°00.339';100;10:12;10 - 20 m;1;30;31;0;0;0;0;0;0;0;100;0;0;0;5;35;1;22.5;149.6;8.00;0.41;6.87;4.050;292.91;7.6265
Cornu;CORN2;18/08/2022;Lea;Pelagic;CORN2_Pelagic;45°53.090';74°00.339';100;10:15;20 - 30 m;0;3;0;0;0;0;0;0;0;0;100;0;0;0;20;40;0;22.5;149.6;8.00;0.41;6.87;4.050;292.91;7.6265
Cornu;CORN2;18/08/2022;Lea;Pelagic;CORN2_Pelagic;45°53.090';74°00.339';100;10:18;30 - 40 m;1;23;0;0;3;0;0;0;0;0;100;0;0;0;10;60;15;22.5;149.6;8.00;0.41;6.87;4.050;292.91;7.6265
Cornu;CORN2;18/08/2022;Lea;Pelagic;CORN2_Pelagic;45°53.090';74°00.339';100;10:21;40 - 50 m ;7;41;0;0;0;0;0;0;0;0;100;0;0;0;30;50;1;22.5;149.6;8.00;0.41;6.87;4.050;292.91;7.6265
Cornu;CORN3;18/08/2022;Lea;Littoral;CORN3_Littoral;45°53.125';74°00.332';90;10:42;0 - 10 m ;3;21;4;0;0;0;0;0;0;0;100;0;0;0;90;20;0;22.6;152.3;8.10;1.34;6.77;4.050;374.99;13.9793
Cornu;CORN3;18/08/2022;Lea;Littoral;CORN3_Littoral;45°53.125';74°00.332';90;10:45;10 - 20 m;10;31;62;0;3;0;0;0;0;0;100;0;0;0;90;20;0;22.6;152.3;8.10;1.34;6.77;4.050;374.99;13.9793
Cornu;CORN3;18/08/2022;Lea;Littoral;CORN3_Littoral;45°53.125';74°00.332';90;10:48;20 - 30 m;2;0;102;0;0;0;0;0;0;0;100;0;0;0;80;40;0;22.6;152.3;8.10;1.34;6.77;4.050;374.99;13.9793
Cornu;CORN3;18/08/2022;Lea;Littoral;CORN3_Littoral;45°53.125';74°00.332';90;10:51;30 - 40 m;1;0;30;0;0;0;0;0;0;0;100;0;0;0;80;40;3;22.6;152.3;8.10;1.34;6.77;4.050;374.99;13.9793
Cornu;CORN3;18/08/2022;Lea;Littoral;CORN3_Littoral;45°53.125';74°00.332';90;10:54;40 - 50 m ;2;1;33;0;0;0;0;0;0;0;80;0;0;20;80;50;2;22.6;152.3;8.10;1.34;6.77;4.050;374.99;13.9793
Cornu;CORN3;18/08/2022;Charles;Pelagic;CORN3_Pelagic;45°53.125';74°00.332';90;10:42;0 - 10 m ;1;2;0;0;0;4;0;0;0;0;95;0;0;5;75;60;4;22.6;152.3;8.10;1.34;6.77;4.050;374.99;13.9793
Cornu;CORN3;18/08/2022;Charles;Pelagic;CORN3_Pelagic;45°53.125';74°00.332';90;10:45;10 - 20 m;15;0;5;0;0;1;0;0;0;0;100;0;0;0;55;55;1;22.6;152.3;8.10;1.34;6.77;4.050;374.99;13.9793
Cornu;CORN3;18/08/2022;Charles;Pelagic;CORN3_Pelagic;45°53.125';74°00.332';90;10:48;20 - 30 m;2;11;55;0;0;1;0;0;0;0;99;0;0;1;60;50;1;22.6;152.3;8.10;1.34;6.77;4.050;374.99;13.9793
Cornu;CORN3;18/08/2022;Charles;Pelagic;CORN3_Pelagic;45°53.125';74°00.332';90;10:51;30 - 40 m;1;1;0;0;0;0;0;0;0;0;100;0;0;0;70;50;0;22.6;152.3;8.10;1.34;6.77;4.050;374.99;13.9793
Cornu;CORN3;18/08/2022;Charles;Pelagic;CORN3_Pelagic;45°53.125';74°00.332';90;10:54;40 - 50 m ;1;74;80;0;0;0;0;0;1;1;100;0;0;0;75;60;0;22.6;152.3;8.10;1.34;6.77;4.050;374.99;13.9793
Cornu;CORN4;18/08/2022;Juliane;Littoral;CORN4_Littoral;45°52.960';73°59.989';100;11:30;0 - 10 m ;0;0;0;0;0;0;0;0;0;0;30;0;50;20;10;20;3;22.6;147.8;9.10;0.13;7.61;4.130;357.89;8.7511
Cornu;CORN4;18/08/2022;Juliane;Littoral;CORN4_Littoral;45°52.960';73°59.989';100;11:33;10 - 20 m;1;9;0;0;0;0;0;0;0;0;30;0;60;10;5;30;4;22.6;147.8;9.10;0.13;7.61;4.130;357.89;8.7511
Cornu;CORN4;18/08/2022;Juliane;Littoral;CORN4_Littoral;45°52.960';73°59.989';100;11:36;20 - 30 m;1;11;0;0;0;0;0;0;0;0;40;0;50;10;5;25;3;22.6;147.8;9.10;0.13;7.61;4.130;357.89;8.7511
Cornu;CORN4;18/08/2022;Juliane;Littoral;CORN4_Littoral;45°52.960';73°59.989';100;11:39;30 - 40 m;1;7;0;0;0;0;0;0;0;0;40;0;50;10;7;30;4;22.6;147.8;9.10;0.13;7.61;4.130;357.89;8.7511
Cornu;CORN4;18/08/2022;Juliane;Littoral;CORN4_Littoral;45°52.960';73°59.989';100;11:42;40 - 50 m ;0;2;0;0;0;0;0;0;0;0;40;0;45;15;7;35;0;22.6;147.8;9.10;0.13;7.61;4.130;357.89;8.7511
Cornu;CORN4;18/08/2022;Charles;Pelagic;CORN4_Pelagic;45°52.960';73°59.989';100;11:30;0 - 10 m ;0;1;0;0;0;0;0;0;0;0;0;0;70;30;25;65;1;22.6;147.8;9.10;0.13;7.61;4.130;357.89;8.7511
Cornu;CORN4;18/08/2022;Charles;Pelagic;CORN4_Pelagic;45°52.960';73°59.989';100;11:33;10 - 20 m;0;2;0;0;0;0;0;0;0;0;0;0;80;20;20;60;1;22.6;147.8;9.10;0.13;7.61;4.130;357.89;8.7511
Cornu;CORN4;18/08/2022;Charles;Pelagic;CORN4_Pelagic;45°52.960';73°59.989';100;11:36;20 - 30 m;0;3;0;0;0;0;0;0;0;0;0;0;80;20;25;65;1;22.6;147.8;9.10;0.13;7.61;4.130;357.89;8.7511
Cornu;CORN4;18/08/2022;Charles;Pelagic;CORN4_Pelagic;45°52.960';73°59.989';100;11:39;30 - 40 m;0;22;0;0;0;0;0;0;0;0;0;0;85;15;20;60;0;22.6;147.8;9.10;0.13;7.61;4.130;357.89;8.7511
Cornu;CORN4;18/08/2022;Charles;Pelagic;CORN4_Pelagic;45°52.960';73°59.989';100;11:42;40 - 50 m ;0;0;0;0;0;1;0;0;0;0;0;0;85;15;25;60;1;22.6;147.8;9.10;0.13;7.61;4.130;357.89;8.7511
Corriveau;CORR1;11/08/2022;Juliane;Littoral;CORR1_Littoral;45°58.603';74°00.141';30;10:07;0 - 10 m ;2;3;82;0;0;0;0;0;0;0;10;0;60;30;40;70;7;20.3;19.1;8.06;0.49;5.76;8.420;400.07;12.4658
Corriveau;CORR1;11/08/2022;Juliane;Littoral;CORR1_Littoral;45°58.603';74°00.141';30;10:10;10 - 20 m;1;4;15;0;0;0;0;0;0;0;70;0;30;0;50;50;1;20.3;19.1;8.06;0.49;5.76;8.420;400.07;12.4658
Corriveau;CORR1;11/08/2022;Juliane;Littoral;CORR1_Littoral;45°58.603';74°00.141';30;10:13;20 - 30 m;1;2;40;0;0;0;0;0;0;0;90;0;10;0;40;40;3;20.3;19.1;8.06;0.49;5.76;8.420;400.07;12.4658
Corriveau;CORR1;11/08/2022;Juliane;Littoral;CORR1_Littoral;45°58.603';74°00.141';30;10:16;30 - 40 m;12;6;21;0;0;0;0;0;0;0;60;0;30;10;50;40;4;20.3;19.1;8.06;0.49;5.76;8.420;400.07;12.4658
Corriveau;CORR1;11/08/2022;Juliane;Littoral;CORR1_Littoral;45°58.603';74°00.141';30;10:19;40 - 50 m ;3;7;0;0;0;0;0;0;0;0;90;0;10;0;50;40;10;20.3;19.1;8.06;0.49;5.76;8.420;400.07;12.4658
Corriveau;CORR1;11/08/2022;Lea;Pelagic;CORR1_Pelagic;45°58.603';74°00.141';30;10:07;0 - 10 m ;2;6;10;0;0;0;0;0;0;0;100;0;0;0;25;110;30;20.3;19.1;8.06;0.49;5.76;8.420;400.07;12.4658
Corriveau;CORR1;11/08/2022;Lea;Pelagic;CORR1_Pelagic;45°58.603';74°00.141';30;10:10;10 - 20 m;0;1;70;0;0;0;0;0;0;0;100;0;0;0;30;170;20;20.3;19.1;8.06;0.49;5.76;8.420;400.07;12.4658
Corriveau;CORR1;11/08/2022;Lea;Pelagic;CORR1_Pelagic;45°58.603';74°00.141';30;10:13;20 - 30 m;0;0;5;0;0;0;0;0;0;0;100;0;0;0;30;150;15;20.3;19.1;8.06;0.49;5.76;8.420;400.07;12.4658
Corriveau;CORR1;11/08/2022;Lea;Pelagic;CORR1_Pelagic;45°58.603';74°00.141';30;10:16;30 - 40 m;0;0;34;0;0;0;0;0;0;0;75;0;0;25;20;200;6;20.3;19.1;8.06;0.49;5.76;8.420;400.07;12.4658
Corriveau;CORR1;11/08/2022;Lea;Pelagic;CORR1_Pelagic;45°58.603';74°00.141';30;10:19;40 - 50 m ;1;0;60;0;0;0;0;0;0;0;80;0;0;20;15;200;12;20.3;19.1;8.06;0.49;5.76;8.420;400.07;12.4658
Corriveau;CORR2;11/08/2022;Lea;Littoral;CORR2_Littoral;45°58.589';74°00.008';80;10:50;0 - 10 m ;4;3;4;0;0;0;0;0;0;0;0;0;10;90;0;40;1;21.0;19.1;8.27;0.39;6.10;8.250;394.37;14.9332
Corriveau;CORR2;11/08/2022;Lea;Littoral;CORR2_Littoral;45°58.589';74°00.008';80;10:53;10 - 20 m;5;0;4;0;0;0;0;0;0;0;75;20;0;5;45;45;2;21.0;19.1;8.27;0.39;6.10;8.250;394.37;14.9332
Corriveau;CORR2;11/08/2022;Lea;Littoral;CORR2_Littoral;45°58.589';74°00.008';80;10:56;20 - 30 m;60;0;0;0;0;0;0;0;0;0;60;40;0;0;20;20;0;21.0;19.1;8.27;0.39;6.10;8.250;394.37;14.9332
Corriveau;CORR2;11/08/2022;Lea;Littoral;CORR2_Littoral;45°58.589';74°00.008';80;10:59;30 - 40 m;1;1;0;0;0;0;0;0;0;0;70;0;10;20;30;30;5;21.0;19.1;8.27;0.39;6.10;8.250;394.37;14.9332
Corriveau;CORR2;11/08/2022;Lea;Littoral;CORR2_Littoral;45°58.589';74°00.008';80;11:02;40 - 50 m ;0;0;34;0;0;0;0;0;0;0;50;0;0;50;20;20;3;21.0;19.1;8.27;0.39;6.10;8.250;394.37;14.9332
Corriveau;CORR2;11/08/2022;Juliane;Pelagic;CORR2_Pelagic;45°58.589';74°00.008';80;10:50;0 - 10 m ;2;5;100;0;0;0;0;0;0;0;10;0;70;20;10;120;3;21.0;19.1;8.27;0.39;6.10;8.250;394.37;14.9332
Corriveau;CORR2;11/08/2022;Juliane;Pelagic;CORR2_Pelagic;45°58.589';74°00.008';80;10:53;10 - 20 m;0;2;17;0;0;0;0;0;0;0;60;0;10;30;40;140;7;21.0;19.1;8.27;0.39;6.10;8.250;394.37;14.9332
Corriveau;CORR2;11/08/2022;Juliane;Pelagic;CORR2_Pelagic;45°58.589';74°00.008';80;10:56;20 - 30 m;0;1;20;0;0;0;0;0;0;0;80;0;0;20;50;150;1;21.0;19.1;8.27;0.39;6.10;8.250;394.37;14.9332
Corriveau;CORR2;11/08/2022;Juliane;Pelagic;CORR2_Pelagic;45°58.589';74°00.008';80;10:59;30 - 40 m;0;1;50;0;0;0;0;0;0;0;80;0;20;0;30;170;5;21.0;19.1;8.27;0.39;6.10;8.250;394.37;14.9332
Corriveau;CORR2;11/08/2022;Juliane;Pelagic;CORR2_Pelagic;45°58.589';74°00.008';80;11:02;40 - 50 m ;0;0;106;0;0;0;0;0;0;0;90;0;0;10;30;160;6;21.0;19.1;8.27;0.39;6.10;8.250;394.37;14.9332
Croche;CROC1;09/08/2022;Louis-Philippe;Littoral;CROC1_Littoral;45°59.658';74°00.429';100;10:58;0 - 10 m ;0;0;0;0;0;0;0;0;0;0;100;0;0;0;45;70;5;21.3;14.2;7.84;0.38;6.09;6.360;332.81;7.0791
Croche;CROC1;09/08/2022;Louis-Philippe;Littoral;CROC1_Littoral;45°59.658';74°00.429';100;11:01;10 - 20 m;29;4;94;0;0;0;0;0;0;0;100;0;0;0;30;20;3;21.3;14.2;7.84;0.38;6.09;6.360;332.81;7.0791
Croche;CROC1;09/08/2022;Louis-Philippe;Littoral;CROC1_Littoral;45°59.658';74°00.429';100;11:04;20 - 30 m;23;1;19;0;0;0;0;0;0;0;100;0;0;0;40;20;2;21.3;14.2;7.84;0.38;6.09;6.360;332.81;7.0791
Croche;CROC1;09/08/2022;Louis-Philippe;Littoral;CROC1_Littoral;45°59.658';74°00.429';100;11:07;30 - 40 m;3;6;61;0;0;0;0;0;0;0;100;0;0;0;40;40;10;21.3;14.2;7.84;0.38;6.09;6.360;332.81;7.0791
Croche;CROC1;09/08/2022;Louis-Philippe;Littoral;CROC1_Littoral;45°59.658';74°00.429';100;11:10;40 - 50 m ;4;1;55;0;0;0;0;0;0;0;100;0;0;0;55;30;14;21.3;14.2;7.84;0.38;6.09;6.360;332.81;7.0791
Croche;CROC1;09/08/2022;Charles;Pelagic;CROC1_Pelagic;45°59.658';74°00.429';100;10:58;0 - 10 m ;5;1;0;0;0;0;0;0;0;0;100;0;0;0;30;110;4;21.3;14.2;7.84;0.38;6.09;6.360;332.81;7.0791
Croche;CROC1;09/08/2022;Charles;Pelagic;CROC1_Pelagic;45°59.658';74°00.429';100;11:01;10 - 20 m;33;0;2;0;0;0;0;0;0;0;100;0;0;0;10;100;2;21.3;14.2;7.84;0.38;6.09;6.360;332.81;7.0791
Croche;CROC1;09/08/2022;Charles;Pelagic;CROC1_Pelagic;45°59.658';74°00.429';100;11:04;20 - 30 m;2;0;0;0;0;0;0;0;0;0;100;0;0;0;30;105;6;21.3;14.2;7.84;0.38;6.09;6.360;332.81;7.0791
Croche;CROC1;09/08/2022;Charles;Pelagic;CROC1_Pelagic;45°59.658';74°00.429';100;11:07;30 - 40 m;0;1;0;0;0;0;0;0;0;0;100;0;0;0;55;120;2;21.3;14.2;7.84;0.38;6.09;6.360;332.81;7.0791
Croche;CROC1;09/08/2022;Charles;Pelagic;CROC1_Pelagic;45°59.658';74°00.429';100;11:10;40 - 50 m ;2;1;0;0;0;0;0;0;0;0;100;0;0;0;60;120;4;21.3;14.2;7.84;0.38;6.09;6.360;332.81;7.0791
Croche;CROC4;09/08/2022;Louis-Philippe;Littoral;CROC4_Littoral;45°59.443';74°00.398';100;14:47;0 - 10 m ;31;2;4;0;0;0;0;0;0;0;95;0;0;5;5;100;7;21.9;14.3;8.20;0.19;5.89;5.390;260.99;8.0571
Croche;CROC4;09/08/2022;Louis-Philippe;Littoral;CROC4_Littoral;45°59.443';74°00.398';100;14:50;10 - 20 m;10;0;2;0;0;0;0;0;0;0;100;0;0;0;15;60;5;21.9;14.3;8.20;0.19;5.89;5.390;260.99;8.0571
Croche;CROC4;09/08/2022;Louis-Philippe;Littoral;CROC4_Littoral;45°59.443';74°00.398';100;14:53;20 - 30 m;12;6;30;0;0;0;0;0;0;0;100;0;0;0;20;70;12;21.9;14.3;8.20;0.19;5.89;5.390;260.99;8.0571
Croche;CROC4;09/08/2022;Louis-Philippe;Littoral;CROC4_Littoral;45°59.443';74°00.398';100;14:56;30 - 40 m;11;3;4;0;0;0;0;0;0;0;95;0;5;0;25;50;15;21.9;14.3;8.20;0.19;5.89;5.390;260.99;8.0571
Croche;CROC4;09/08/2022;Louis-Philippe;Littoral;CROC4_Littoral;45°59.443';74°00.398';100;14:59;40 - 50 m ;7;3;62;0;0;0;0;0;0;0;95;0;5;0;25;50;15;21.9;14.3;8.20;0.19;5.89;5.390;260.99;8.0571
Croche;CROC4;09/08/2022;Juliane;Pelagic;CROC4_Pelagic;45°59.443';74°00.398';100;14:47;0 - 10 m ;2;1;0;0;0;0;0;0;0;0;100;0;0;0;0;220;20;21.9;14.3;8.20;0.19;5.89;5.390;260.99;8.0571
Croche;CROC4;09/08/2022;Juliane;Pelagic;CROC4_Pelagic;45°59.443';74°00.398';100;14:50;10 - 20 m;4;6;0;0;0;0;0;0;0;0;100;0;0;0;2;0;12;21.9;14.3;8.20;0.19;5.89;5.390;260.99;8.0571
Croche;CROC4;09/08/2022;Juliane;Pelagic;CROC4_Pelagic;45°59.443';74°00.398';100;14:53;20 - 30 m;0;4;0;0;0;0;0;0;0;0;95;0;0;5;2;170;15;21.9;14.3;8.20;0.19;5.89;5.390;260.99;8.0571
Croche;CROC4;09/08/2022;Juliane;Pelagic;CROC4_Pelagic;45°59.443';74°00.398';100;14:56;30 - 40 m;4;3;0;0;0;0;0;0;0;0;100;0;0;0;2;170;20;21.9;14.3;8.20;0.19;5.89;5.390;260.99;8.0571
Croche;CROC4;09/08/2022;Juliane;Pelagic;CROC4_Pelagic;45°59.443';74°00.398';100;14:59;40 - 50 m ;8;7;25;0;0;0;0;0;0;0;95;0;0;5;5;80;50;21.9;14.3;8.20;0.19;5.89;5.390;260.99;8.0571
Croche;CROC6;09/08/2022;Charles;Littoral;CROC6_Littoral;45°59.456';74°00.815';100;09:43;0 - 10 m ;3;0;0;0;0;0;0;0;0;0;75;0;24;1;6;65;7;21.6;14.2;7.71;0.24;6.05;6.300;298.61;8.8069
Croche;CROC6;09/08/2022;Charles;Littoral;CROC6_Littoral;45°59.456';74°00.815';100;09:46;10 - 20 m;12;0;0;0;0;0;0;0;0;0;90;0;7;3;1;65;3;21.6;14.2;7.71;0.24;6.05;6.300;298.61;8.8069
Croche;CROC6;09/08/2022;Charles;Littoral;CROC6_Littoral;45°59.456';74°00.815';100;09:49;20 - 30 m;5;2;2;0;0;0;0;0;0;0;70;0;20;5;4;60;10;21.6;14.2;7.71;0.24;6.05;6.300;298.61;8.8069
Croche;CROC6;09/08/2022;Charles;Littoral;CROC6_Littoral;45°59.456';74°00.815';100;09:52;30 - 40 m;4;0;0;0;0;0;0;0;0;0;75;0;25;0;5;50;12;21.6;14.2;7.71;0.24;6.05;6.300;298.61;8.8069
Croche;CROC6;09/08/2022;Charles;Littoral;CROC6_Littoral;45°59.456';74°00.815';100;09:55;40 - 50 m ;6;0;0;0;0;0;0;0;0;0;0;0;100;0;2;50;9;21.6;14.2;7.71;0.24;6.05;6.300;298.61;8.8069
Croche;CROC6;09/08/2022;Louis-Philippe;Pelagic;CROC6_Pelagic;45°59.456';74°00.815';100;09:43;0 - 10 m ;0;0;0;0;0;0;0;0;0;0;75;0;25;0;0;150;3;21.6;14.2;7.71;0.24;6.05;6.300;298.61;8.8069
Croche;CROC6;09/08/2022;Louis-Philippe;Pelagic;CROC6_Pelagic;45°59.456';74°00.815';100;09:46;10 - 20 m;0;0;0;0;0;0;0;0;0;0;50;0;50;0;0;150;3;21.6;14.2;7.71;0.24;6.05;6.300;298.61;8.8069
Croche;CROC6;09/08/2022;Louis-Philippe;Pelagic;CROC6_Pelagic;45°59.456';74°00.815';100;09:49;20 - 30 m;0;0;0;0;0;0;0;0;0;0;50;0;45;5;5;150;6;21.6;14.2;7.71;0.24;6.05;6.300;298.61;8.8069
Croche;CROC6;09/08/2022;Louis-Philippe;Pelagic;CROC6_Pelagic;45°59.456';74°00.815';100;09:52;30 - 40 m;0;0;0;0;0;0;0;0;0;0;20;0;70;10;0;100;14;21.6;14.2;7.71;0.24;6.05;6.300;298.61;8.8069
Croche;CROC6;09/08/2022;Louis-Philippe;Pelagic;CROC6_Pelagic;45°59.456';74°00.815';100;09:55;40 - 50 m ;1;14;21;0;0;0;0;0;0;0;0;0;95;5;10;100;6;21.6;14.2;7.71;0.24;6.05;6.300;298.61;8.8069
Cromwell;CROM2;10/08/2022;Louis-Philippe;Littoral;CROM2_Littoral;45°59.301';73°59.796';80;09:40;0 - 10 m ;0;15;0;0;0;0;0;0;0;0;100;0;0;0;80;100;0;19.7;19.2;6.66;0.91;5.72;7.870;381.83;11.5249
Cromwell;CROM2;10/08/2022;Louis-Philippe;Littoral;CROM2_Littoral;45°59.301';73°59.796';80;09:43;10 - 20 m;1;0;0;0;0;0;0;0;0;0;90;0;10;0;60;100;0;19.7;19.2;6.66;0.91;5.72;7.870;381.83;11.5249
Cromwell;CROM2;10/08/2022;Louis-Philippe;Littoral;CROM2_Littoral;45°59.301';73°59.796';80;09:46;20 - 30 m;0;0;0;0;0;0;0;0;0;0;80;0;10;10;40;70;1;19.7;19.2;6.66;0.91;5.72;7.870;381.83;11.5249
Cromwell;CROM2;10/08/2022;Louis-Philippe;Littoral;CROM2_Littoral;45°59.301';73°59.796';80;09:49;30 - 40 m;0;0;0;0;0;0;0;0;0;0;160;0;0;0;10;100;2;19.7;19.2;6.66;0.91;5.72;7.870;381.83;11.5249
Cromwell;CROM2;10/08/2022;Louis-Philippe;Littoral;CROM2_Littoral;45°59.301';73°59.796';80;09:52;40 - 50 m ;1;0;0;0;0;0;0;0;0;0;100;0;0;0;30;150;20;19.7;19.2;6.66;0.91;5.72;7.870;381.83;11.5249
Cromwell;CROM2;10/08/2022;Charles;Pelagic;CROM2_Pelagic;45°59.301';73°59.796';80;09:40;0 - 10 m ;0;0;0;0;0;0;0;0;0;0;80;0;30;60;60;50;2;19.7;19.2;6.66;0.91;5.72;7.870;381.83;11.5249
Cromwell;CROM2;10/08/2022;Charles;Pelagic;CROM2_Pelagic;45°59.301';73°59.796';80;09:43;10 - 20 m;0;0;0;0;0;0;0;0;0;0;0;0;0;100;80;30;1;19.7;19.2;6.66;0.91;5.72;7.870;381.83;11.5249
Cromwell;CROM2;10/08/2022;Charles;Pelagic;CROM2_Pelagic;45°59.301';73°59.796';80;09:46;20 - 30 m;1;1;0;0;0;0;0;0;0;0;20;0;0;80;80;40;0;19.7;19.2;6.66;0.91;5.72;7.870;381.83;11.5249
Cromwell;CROM2;10/08/2022;Charles;Pelagic;CROM2_Pelagic;45°59.301';73°59.796';80;09:49;30 - 40 m;0;1;0;0;0;0;0;0;0;0;70;0;10;20;60;60;3;19.7;19.2;6.66;0.91;5.72;7.870;381.83;11.5249
Cromwell;CROM2;10/08/2022;Charles;Pelagic;CROM2_Pelagic;45°59.301';73°59.796';80;09:52;40 - 50 m ;0;0;0;0;1;0;0;0;0;0;100;0;0;0;60;60;50;19.7;19.2;6.66;0.91;5.72;7.870;381.83;11.5249
Cromwell;CROM3;10/08/2022;Juliane;Littoral;CROM3_Littoral;45°59.334';74°00.096';60;10:22;0 - 10 m ;3;0;1;0;0;0;0;0;0;0;40;0;30;30;50;45;1;19.6;19.6;4.56;0.56;5.76;7.570;341.93;11.8224
Cromwell;CROM3;10/08/2022;Juliane;Littoral;CROM3_Littoral;45°59.334';74°00.096';60;10:25;10 - 20 m;0;0;1;0;3;0;0;0;0;0;20;0;0;80;40;40;0;19.6;19.6;4.56;0.56;5.76;7.570;341.93;11.8224
Cromwell;CROM3;10/08/2022;Juliane;Littoral;CROM3_Littoral;45°59.334';74°00.096';60;10:28;20 - 30 m;0;0;0;0;0;0;0;0;0;0;80;0;10;10;45;50;7;19.6;19.6;4.56;0.56;5.76;7.570;341.93;11.8224
Cromwell;CROM3;10/08/2022;Juliane;Littoral;CROM3_Littoral;45°59.334';74°00.096';60;10:31;30 - 40 m;0;1;1;0;0;0;0;0;0;0;70;0;30;0;50;50;10;19.6;19.6;4.56;0.56;5.76;7.570;341.93;11.8224
Cromwell;CROM3;10/08/2022;Juliane;Littoral;CROM3_Littoral;45°59.334';74°00.096';60;10:34;40 - 50 m ;0;1;2;0;0;0;0;0;0;0;30;0;70;0;60;50;6;19.6;19.6;4.56;0.56;5.76;7.570;341.93;11.8224
Cromwell;CROM3;10/08/2022;Lea;Pelagic;CROM3_Pelagic;45°59.334';74°00.096';60;10:22;0 - 10 m ;1;0;0;0;0;0;0;0;0;0;90;0;0;10;20;200;1;19.6;19.6;4.56;0.56;5.76;7.570;341.93;11.8224
Cromwell;CROM3;10/08/2022;Lea;Pelagic;CROM3_Pelagic;45°59.334';74°00.096';60;10:25;10 - 20 m;0;0;0;0;0;0;0;0;0;0;80;0;0;20;80;140;0;19.6;19.6;4.56;0.56;5.76;7.570;341.93;11.8224
Cromwell;CROM3;10/08/2022;Lea;Pelagic;CROM3_Pelagic;45°59.334';74°00.096';60;10:28;20 - 30 m;0;0;0;0;0;0;0;0;0;0;100;0;0;0;100;140;0;19.6;19.6;4.56;0.56;5.76;7.570;341.93;11.8224
Cromwell;CROM3;10/08/2022;Lea;Pelagic;CROM3_Pelagic;45°59.334';74°00.096';60;10:31;30 - 40 m;0;0;24;0;0;0;0;0;0;0;100;0;0;0;90;70;0;19.6;19.6;4.56;0.56;5.76;7.570;341.93;11.8224
Cromwell;CROM3;10/08/2022;Lea;Pelagic;CROM3_Pelagic;45°59.334';74°00.096';60;10:34;40 - 50 m ;1;0;50;0;0;0;0;0;0;0;100;0;0;0;80;60;2;19.6;19.6;4.56;0.56;5.76;7.570;341.93;11.8224
Cromwell;CROM4;10/08/2022;Charles;Littoral;CROM4_Littoral;45°59.348';74°00.071';75;10:25;0 - 10 m ;0;2;0;0;0;0;0;0;0;0;60;0;40;0;50;65;2;19.8;19.6;5.45;0.49;5.89;7.810;361.31;10.7160
Cromwell;CROM4;10/08/2022;Charles;Littoral;CROM4_Littoral;45°59.348';74°00.071';75;10:28;10 - 20 m;0;1;0;0;0;0;0;0;0;0;85;0;5;10;75;70;4;19.8;19.6;5.45;0.49;5.89;7.810;361.31;10.7160
Cromwell;CROM4;10/08/2022;Charles;Littoral;CROM4_Littoral;45°59.348';74°00.071';75;10:31;20 - 30 m;2;8;0;0;0;0;0;0;0;0;95;0;3;2;90;65;8;19.8;19.6;5.45;0.49;5.89;7.810;361.31;10.7160
Cromwell;CROM4;10/08/2022;Charles;Littoral;CROM4_Littoral;45°59.348';74°00.071';75;10:34;30 - 40 m;1;2;1;0;0;0;0;0;0;0;90;0;5;5;80;60;6;19.8;19.6;5.45;0.49;5.89;7.810;361.31;10.7160
Cromwell;CROM4;10/08/2022;Charles;Littoral;CROM4_Littoral;45°59.348';74°00.071';75;10:37;40 - 50 m ;1;3;0;0;0;0;0;0;0;0;95;0;5;0;85;60;6;19.8;19.6;5.45;0.49;5.89;7.810;361.31;10.7160
Cromwell;CROM4;10/08/2022;Louis-Philippe;Pelagic;CROM4_Pelagic;45°59.348';74°00.071';75;10:25;0 - 10 m ;0;0;0;0;2;0;0;0;0;0;90;0;0;10;20;200;6;19.8;19.6;5.45;0.49;5.89;7.810;361.31;10.7160
Cromwell;CROM4;10/08/2022;Louis-Philippe;Pelagic;CROM4_Pelagic;45°59.348';74°00.071';75;10:28;10 - 20 m;0;0;0;0;1;0;0;0;0;0;95;0;0;5;20;200;3;19.8;19.6;5.45;0.49;5.89;7.810;361.31;10.7160
Cromwell;CROM4;10/08/2022;Louis-Philippe;Pelagic;CROM4_Pelagic;45°59.348';74°00.071';75;10:31;20 - 30 m;9;0;0;0;0;0;0;0;0;0;90;0;0;10;90;150;10;19.8;19.6;5.45;0.49;5.89;7.810;361.31;10.7160
Cromwell;CROM4;10/08/2022;Louis-Philippe;Pelagic;CROM4_Pelagic;45°59.348';74°00.071';75;10:34;30 - 40 m;2;1;0;0;0;0;0;0;0;0;99;0;0;1;90;100;4;19.8;19.6;5.45;0.49;5.89;7.810;361.31;10.7160
Cromwell;CROM4;10/08/2022;Louis-Philippe;Pelagic;CROM4_Pelagic;45°59.348';74°00.071';75;10:37;40 - 50 m ;2;0;8;0;1;0;0;0;0;0;99;0;0;1;90;200;4;19.8;19.6;5.45;0.49;5.89;7.810;361.31;10.7160
Echo;ECHO1;16/08/2022;Charles;Littoral;ECHO1_Littoral;45°53.522';74°01.994';5;13:33;0 - 10 m ;0;9;4;0;0;0;0;0;0;0;90;0;10;0;50;40;8;23.5;174.3;9.84;1.80;8.00;5.580;492.41;13.4672
Echo;ECHO1;16/08/2022;Charles;Littoral;ECHO1_Littoral;45°53.522';74°01.994';5;13:33;10 - 20 m;0;0;4;0;0;0;0;0;0;0;95;0;3;2;40;30;0;23.5;174.3;9.84;1.80;8.00;5.580;492.41;13.4672
Echo;ECHO1;16/08/2022;Charles;Littoral;ECHO1_Littoral;45°53.522';74°01.994';5;13:33;20 - 30 m;3;5;0;0;0;1;0;0;2;1;90;0;5;5;20;40;5;23.5;174.3;9.84;1.80;8.00;5.580;492.41;13.4672
Echo;ECHO1;16/08/2022;Charles;Littoral;ECHO1_Littoral;45°53.522';74°01.994';5;13:33;30 - 40 m;1;4;3;0;0;2;0;0;0;0;90;0;0;10;25;35;4;23.5;174.3;9.84;1.80;8.00;5.580;492.41;13.4672
Echo;ECHO1;16/08/2022;Charles;Littoral;ECHO1_Littoral;45°53.522';74°01.994';5;13:33;40 - 50 m ;20;3;1;0;0;0;0;0;0;0;90;0;5;5;20;30;3;23.5;174.3;9.84;1.80;8.00;5.580;492.41;13.4672
Echo;ECHO1;16/08/2022;Lea;Pelagic;ECHO1_Pelagic;45°53.522';74°01.994';5;13:33;0 - 10 m ;0;0;10;0;0;0;0;0;0;0;70;0;30;0;80;70;5;23.5;174.3;9.84;1.80;8.00;5.580;492.41;13.4672
Echo;ECHO1;16/08/2022;Lea;Pelagic;ECHO1_Pelagic;45°53.522';74°01.994';5;13:33;10 - 20 m;0;1;10;0;0;0;0;0;0;0;60;0;0;40;90;50;8;23.5;174.3;9.84;1.80;8.00;5.580;492.41;13.4672
Echo;ECHO1;16/08/2022;Lea;Pelagic;ECHO1_Pelagic;45°53.522';74°01.994';5;13:33;20 - 30 m;0;8;1;0;0;0;0;0;0;16;100;0;0;0;65;50;5;23.5;174.3;9.84;1.80;8.00;5.580;492.41;13.4672
Echo;ECHO1;16/08/2022;Lea;Pelagic;ECHO1_Pelagic;45°53.522';74°01.994';5;13:33;30 - 40 m;1;4;50;0;0;0;0;0;0;9;100;0;0;0;75;80;2;23.5;174.3;9.84;1.80;8.00;5.580;492.41;13.4672
Echo;ECHO1;16/08/2022;Lea;Pelagic;ECHO1_Pelagic;45°53.522';74°01.994';5;13:33;40 - 50 m ;4;2;0;0;0;0;0;2;0;0;85;0;5;10;70;80;5;23.5;174.3;9.84;1.80;8.00;5.580;492.41;13.4672
Echo;ECHO2;16/08/2022;Juliane;Littoral;ECHO2_Littoral;45°53.478';74°01.522';20;15:00;0 - 10 m ;0;3;0;0;0;0;0;0;0;0;20;30;20;30;40;30;2;25.0;171.0;10.07;3.50;8.17;5.750;511.79;15.8648
Echo;ECHO2;16/08/2022;Juliane;Littoral;ECHO2_Littoral;45°53.478';74°01.522';20;15:00;10 - 20 m;0;0;0;0;0;1;0;0;0;0;30;30;40;0;10;25;4;25.0;171.0;10.07;3.50;8.17;5.750;511.79;15.8648
Echo;ECHO2;16/08/2022;Juliane;Littoral;ECHO2_Littoral;45°53.478';74°01.522';20;15:00;20 - 30 m;0;0;0;0;0;0;0;0;0;0;40;45;15;0;20;30;2;25.0;171.0;10.07;3.50;8.17;5.750;511.79;15.8648
Echo;ECHO2;16/08/2022;Juliane;Littoral;ECHO2_Littoral;45°53.478';74°01.522';20;15:00;30 - 40 m;0;0;0;0;0;0;0;0;0;0;40;45;10;5;30;30;5;25.0;171.0;10.07;3.50;8.17;5.750;511.79;15.8648
Echo;ECHO2;16/08/2022;Juliane;Littoral;ECHO2_Littoral;45°53.478';74°01.522';20;15:00;40 - 50 m ;0;0;0;0;1;0;0;0;0;0;50;40;5;5;40;40;6;25.0;171.0;10.07;3.50;8.17;5.750;511.79;15.8648
Echo;ECHO2;16/08/2022;Lea;Pelagic;ECHO2_Pelagic;45°53.478';74°01.522';20;15:00;0 - 10 m ;0;0;3;0;0;0;0;0;0;0;70;0;5;25;40;40;0;25.0;171.0;10.07;3.50;8.17;5.750;511.79;15.8648
Echo;ECHO2;16/08/2022;Lea;Pelagic;ECHO2_Pelagic;45°53.478';74°01.522';20;15:00;10 - 20 m;0;0;0;0;0;0;0;0;0;0;80;0;0;15;60;50;1;25.0;171.0;10.07;3.50;8.17;5.750;511.79;15.8648
Echo;ECHO2;16/08/2022;Lea;Pelagic;ECHO2_Pelagic;45°53.478';74°01.522';20;15:00;20 - 30 m;0;0;0;0;0;0;0;0;0;0;80;0;5;15;85;50;3;25.0;171.0;10.07;3.50;8.17;5.750;511.79;15.8648
Echo;ECHO2;16/08/2022;Lea;Pelagic;ECHO2_Pelagic;45°53.478';74°01.522';20;15:00;30 - 40 m;0;0;0;0;0;0;0;0;0;0;95;0;0;5;95;40;1;25.0;171.0;10.07;3.50;8.17;5.750;511.79;15.8648
Echo;ECHO2;16/08/2022;Lea;Pelagic;ECHO2_Pelagic;45°53.478';74°01.522';20;15:00;40 - 50 m ;0;0;0;0;0;0;0;0;0;0;90;0;5;5;70;60;3;25.0;171.0;10.07;3.50;8.17;5.750;511.79;15.8648
Echo;ECHO3;16/08/2022;Juliane;Littoral;ECHO3_Littoral;45°53.083';74°01.165';10;11:50;0 - 10 m ;1;2;0;0;1;2;0;0;0;0;0;40;60;0;5;30;5;23.4;159.9;9.77;1.54;8.15;5.650;519.77;15.7477
Echo;ECHO3;16/08/2022;Juliane;Littoral;ECHO3_Littoral;45°53.083';74°01.165';10;11:50;10 - 20 m;0;0;0;0;2;0;0;0;0;0;0;50;50;0;0;20;2;23.4;159.9;9.77;1.54;8.15;5.650;519.77;15.7477
Echo;ECHO3;16/08/2022;Juliane;Littoral;ECHO3_Littoral;45°53.083';74°01.165';10;11:50;20 - 30 m;0;0;0;0;2;2;0;0;0;0;0;10;90;0;0;25;3;23.4;159.9;9.77;1.54;8.15;5.650;519.77;15.7477
Echo;ECHO3;16/08/2022;Juliane;Littoral;ECHO3_Littoral;45°53.083';74°01.165';10;11:50;30 - 40 m;0;0;0;0;1;0;0;0;0;0;0;30;70;0;2;25;3;23.4;159.9;9.77;1.54;8.15;5.650;519.77;15.7477
Echo;ECHO3;16/08/2022;Juliane;Littoral;ECHO3_Littoral;45°53.083';74°01.165';10;11:50;40 - 50 m ;1;0;41;0;0;0;0;0;0;0;0;0;80;20;2;25;3;23.4;159.9;9.77;1.54;8.15;5.650;519.77;15.7477
Echo;ECHO3;16/08/2022;Charles;Pelagic;ECHO3_Pelagic;45°53.083';74°01.165';10;11:50;0 - 10 m ;1;0;24;0;1;0;0;0;0;0;0;0;100;0;2;60;1;23.4;159.9;9.77;1.54;8.15;5.650;519.77;15.7477
Echo;ECHO3;16/08/2022;Charles;Pelagic;ECHO3_Pelagic;45°53.083';74°01.165';10;11:50;10 - 20 m;0;0;1;0;0;0;0;0;0;0;0;0;100;0;0;55;0;23.4;159.9;9.77;1.54;8.15;5.650;519.77;15.7477
Echo;ECHO3;16/08/2022;Charles;Pelagic;ECHO3_Pelagic;45°53.083';74°01.165';10;11:50;20 - 30 m;0;1;0;0;0;0;0;0;0;0;0;0;100;0;0;58;1;23.4;159.9;9.77;1.54;8.15;5.650;519.77;15.7477
Echo;ECHO3;16/08/2022;Charles;Pelagic;ECHO3_Pelagic;45°53.083';74°01.165';10;11:50;30 - 40 m;0;0;3;0;0;0;0;0;0;0;0;0;100;0;0;60;2;23.4;159.9;9.77;1.54;8.15;5.650;519.77;15.7477
Echo;ECHO3;16/08/2022;Charles;Pelagic;ECHO3_Pelagic;45°53.083';74°01.165';10;11:50;40 - 50 m ;0;0;0;0;0;0;0;0;0;0;0;0;100;0;0;55;1;23.4;159.9;9.77;1.54;8.15;5.650;519.77;15.7477
Echo;ECHO4;16/08/2022;Charles;Littoral;ECHO4_Littoral;45°52.996';74°01.562';5;11:03;0 - 10 m ;0;0;0;0;1;0;0;0;0;0;85;0;15;0;3;50;1;23.3;159.6;9.71;2.12;7.96;5.720;593.87;19.3587
Echo;ECHO4;16/08/2022;Charles;Littoral;ECHO4_Littoral;45°52.996';74°01.562';5;11:03;10 - 20 m;0;0;0;0;0;1;0;0;0;0;85;0;15;0;3;55;2;23.3;159.6;9.71;2.12;7.96;5.720;593.87;19.3587
Echo;ECHO4;16/08/2022;Charles;Littoral;ECHO4_Littoral;45°52.996';74°01.562';5;11:03;20 - 30 m;0;5;0;0;0;0;0;0;0;0;85;0;15;0;2;60;2;23.3;159.6;9.71;2.12;7.96;5.720;593.87;19.3587
Echo;ECHO4;16/08/2022;Charles;Littoral;ECHO4_Littoral;45°52.996';74°01.562';5;11:03;30 - 40 m;1;0;0;0;0;2;0;0;0;0;85;0;15;0;5;60;1;23.3;159.6;9.71;2.12;7.96;5.720;593.87;19.3587
Echo;ECHO4;16/08/2022;Charles;Littoral;ECHO4_Littoral;45°52.996';74°01.562';5;11:03;40 - 50 m ;0;5;0;0;0;2;0;0;0;1;95;0;5;0;10;55;2;23.3;159.6;9.71;2.12;7.96;5.720;593.87;19.3587
Echo;ECHO4;16/08/2022;Juliane;Pelagic;ECHO4_Pelagic;45°52.996';74°01.562';5;11:03;0 - 10 m ;0;0;0;0;1;0;0;0;0;0;50;0;50;0;20;30;4;23.3;159.6;9.71;2.12;7.96;5.720;593.87;19.3587
Echo;ECHO4;16/08/2022;Juliane;Pelagic;ECHO4_Pelagic;45°52.996';74°01.562';5;11:03;10 - 20 m;0;0;0;0;0;0;0;0;0;0;40;0;60;0;20;40;3;23.3;159.6;9.71;2.12;7.96;5.720;593.87;19.3587
Echo;ECHO4;16/08/2022;Juliane;Pelagic;ECHO4_Pelagic;45°52.996';74°01.562';5;11:03;20 - 30 m;3;1;0;0;0;0;1;0;0;0;60;0;0;40;40;50;0;23.3;159.6;9.71;2.12;7.96;5.720;593.87;19.3587
Echo;ECHO4;16/08/2022;Juliane;Pelagic;ECHO4_Pelagic;45°52.996';74°01.562';5;11:03;30 - 40 m;0;0;0;0;0;0;0;0;0;0;85;0;10;5;10;50;1;23.3;159.6;9.71;2.12;7.96;5.720;593.87;19.3587
Echo;ECHO4;16/08/2022;Juliane;Pelagic;ECHO4_Pelagic;45°52.996';74°01.562';5;11:03;40 - 50 m ;0;0;0;0;0;0;0;0;0;0;80;0;10;10;2;60;1;23.3;159.6;9.71;2.12;7.96;5.720;593.87;19.3587
Echo;ECHO5;16/08/2022;Lea;Littoral;ECHO5_Littoral;45°53.277';74°01.609';10;14:17;0 - 10 m ;0;0;0;0;1;1;0;0;0;0;85;0;10;5;20;30;2;24.6;166.3;10.18;1.56;8.25;5.670;520.91;13.1379
Echo;ECHO5;16/08/2022;Lea;Littoral;ECHO5_Littoral;45°53.277';74°01.609';10;14:17;10 - 20 m;0;0;50;0;0;0;0;0;0;0;80;0;10;10;80;60;1;24.6;166.3;10.18;1.56;8.25;5.670;520.91;13.1379
Echo;ECHO5;16/08/2022;Lea;Littoral;ECHO5_Littoral;45°53.277';74°01.609';10;14:17;20 - 30 m;0;0;20;0;0;0;0;0;0;0;80;0;0;20;90;50;2;24.6;166.3;10.18;1.56;8.25;5.670;520.91;13.1379
Echo;ECHO5;16/08/2022;Lea;Littoral;ECHO5_Littoral;45°53.277';74°01.609';10;14:17;30 - 40 m;0;6;0;0;0;0;0;0;0;0;90;0;10;0;100;50;0;24.6;166.3;10.18;1.56;8.25;5.670;520.91;13.1379
Echo;ECHO5;16/08/2022;Lea;Littoral;ECHO5_Littoral;45°53.277';74°01.609';10;14:17;40 - 50 m ;15;0;5;0;0;0;0;4;0;0;80;0;0;20;80;50;1;24.6;166.3;10.18;1.56;8.25;5.670;520.91;13.1379
Echo;ECHO5;16/08/2022;Juliane;Pelagic;ECHO5_Pelagic;45°53.277';74°01.609';10;14:17;0 - 10 m ;0;0;11;0;0;0;0;0;0;0;80;0;10;10;40;50;0;24.6;166.3;10.18;1.56;8.25;5.670;520.91;13.1379
Echo;ECHO5;16/08/2022;Juliane;Pelagic;ECHO5_Pelagic;45°53.277';74°01.609';10;14:17;10 - 20 m;0;1;1;0;0;0;0;0;1;0;90;0;5;5;55;50;0;24.6;166.3;10.18;1.56;8.25;5.670;520.91;13.1379
Echo;ECHO5;16/08/2022;Juliane;Pelagic;ECHO5_Pelagic;45°53.277';74°01.609';10;14:17;20 - 30 m;2;10;0;0;0;0;0;0;0;0;90;0;10;0;30;50;0;24.6;166.3;10.18;1.56;8.25;5.670;520.91;13.1379
Echo;ECHO5;16/08/2022;Juliane;Pelagic;ECHO5_Pelagic;45°53.277';74°01.609';10;14:17;30 - 40 m;1;8;2;0;0;0;0;0;0;0;85;0;5;10;40;60;1;24.6;166.3;10.18;1.56;8.25;5.670;520.91;13.1379
Echo;ECHO5;16/08/2022;Juliane;Pelagic;ECHO5_Pelagic;45°53.277';74°01.609';10;14:17;40 - 50 m ;0;0;5;0;0;0;0;0;0;0;80;0;10;10;50;70;3;24.6;166.3;10.18;1.56;8.25;5.670;520.91;13.1379
Fournelle;FOUR1;03/08/2022;Charles;Littoral;FOUR1_Littoral;45°54.948';74°02.370';75;14:51;0 - 10 m ;0;3;0;0;2;5;0;0;0;0;97;0;3;0;40;100;2;24.9;62.5;8.44;0.76;6.68;5.410;311.15;9.0404
Fournelle;FOUR1;03/08/2022;Charles;Littoral;FOUR1_Littoral;45°54.948';74°02.370';75;14:54;10 - 20 m;0;5;0;0;3;2;0;0;0;0;100;0;0;0;35;75;2;24.9;62.5;8.44;0.76;6.68;5.410;311.15;9.0404
Fournelle;FOUR1;03/08/2022;Charles;Littoral;FOUR1_Littoral;45°54.948';74°02.370';75;14:57;20 - 30 m;0;2;0;0;6;2;0;0;0;0;100;0;0;0;20;20;1;24.9;62.5;8.44;0.76;6.68;5.410;311.15;9.0404
Fournelle;FOUR1;03/08/2022;Charles;Littoral;FOUR1_Littoral;45°54.948';74°02.370';75;15:00;30 - 40 m;0;3;0;0;0;0;0;0;0;0;99;0;0;1;60;70;2;24.9;62.5;8.44;0.76;6.68;5.410;311.15;9.0404
Fournelle;FOUR1;03/08/2022;Charles;Littoral;FOUR1_Littoral;45°54.948';74°02.370';75;15:03;40 - 50 m ;0;2;0;0;0;4;0;0;0;0;100;0;0;0;55;85;1;24.9;62.5;8.44;0.76;6.68;5.410;311.15;9.0404
Fournelle;FOUR1;03/08/2022;Juliane;Pelagic;FOUR1_Pelagic;45°54.948';74°02.370';75;14:51;0 - 10 m ;1;0;0;0;9;0;0;0;0;0;80;0;20;0;5;100;10;24.9;62.5;8.44;0.76;6.68;5.410;311.15;9.0404
Fournelle;FOUR1;03/08/2022;Juliane;Pelagic;FOUR1_Pelagic;45°54.948';74°02.370';75;14:54;10 - 20 m;3;0;0;0;3;0;0;0;0;0;95;0;5;0;5;110;7;24.9;62.5;8.44;0.76;6.68;5.410;311.15;9.0404
Fournelle;FOUR1;03/08/2022;Juliane;Pelagic;FOUR1_Pelagic;45°54.948';74°02.370';75;14:57;20 - 30 m;5;0;0;0;2;0;0;0;0;0;100;0;0;0;5;75;10;24.9;62.5;8.44;0.76;6.68;5.410;311.15;9.0404
Fournelle;FOUR1;03/08/2022;Juliane;Pelagic;FOUR1_Pelagic;45°54.948';74°02.370';75;15:00;30 - 40 m;3;6;0;0;3;0;0;0;0;0;100;0;0;0;40;100;5;24.9;62.5;8.44;0.76;6.68;5.410;311.15;9.0404
Fournelle;FOUR1;03/08/2022;Juliane;Pelagic;FOUR1_Pelagic;45°54.948';74°02.370';75;15:03;40 - 50 m ;1;0;0;0;3;0;0;0;0;0;98;0;2;0;50;85;1;24.9;62.5;8.44;0.76;6.68;5.410;311.15;9.0404
Fournelle;FOUR2;03/08/2022;Juliane;Littoral;FOUR2_Littoral;45°54.820';74°02.397';80;14:35;0 - 10 m ;5;26;0;0;4;0;1;4;0;0;100;0;0;0;60;55;6;24.5;60.7;8.94;1.58;7.38;5.420;328.25;10.2989
Fournelle;FOUR2;03/08/2022;Juliane;Littoral;FOUR2_Littoral;45°54.820';74°02.397';80;14:38;10 - 20 m;5;12;0;0;5;0;1;0;0;0;100;0;0;0;5;80;2;24.5;60.7;8.94;1.58;7.38;5.420;328.25;10.2989
Fournelle;FOUR2;03/08/2022;Juliane;Littoral;FOUR2_Littoral;45°54.820';74°02.397';80;14:41;20 - 30 m;12;17;0;0;9;0;1;0;0;0;94;0;2;2;10;60;5;24.5;60.7;8.94;1.58;7.38;5.420;328.25;10.2989
Fournelle;FOUR2;03/08/2022;Juliane;Littoral;FOUR2_Littoral;45°54.820';74°02.397';80;14:44;30 - 40 m;4;23;0;0;1;0;2;3;0;0;90;0;5;5;2;65;2;24.5;60.7;8.94;1.58;7.38;5.420;328.25;10.2989
Fournelle;FOUR2;03/08/2022;Juliane;Littoral;FOUR2_Littoral;45°54.820';74°02.397';80;14:47;40 - 50 m ;1;15;0;0;7;0;0;1;0;0;90;0;5;5;5;70;8;24.5;60.7;8.94;1.58;7.38;5.420;328.25;10.2989
Fournelle;FOUR2;03/08/2022;Charles;Pelagic;FOUR2_Pelagic;45°54.820';74°02.397';80;14:35;0 - 10 m ;0;0;0;0;1;6;0;0;0;0;100;0;0;0;3;100;1;24.5;60.7;8.94;1.58;7.38;5.420;328.25;10.2989
Fournelle;FOUR2;03/08/2022;Charles;Pelagic;FOUR2_Pelagic;45°54.820';74°02.397';80;14:38;10 - 20 m;0;2;0;0;0;1;0;0;0;0;100;0;0;0;1;125;0;24.5;60.7;8.94;1.58;7.38;5.420;328.25;10.2989
Fournelle;FOUR2;03/08/2022;Charles;Pelagic;FOUR2_Pelagic;45°54.820';74°02.397';80;14:41;20 - 30 m;1;1;0;0;2;0;0;0;0;0;100;0;0;0;10;200;1;24.5;60.7;8.94;1.58;7.38;5.420;328.25;10.2989
Fournelle;FOUR2;03/08/2022;Charles;Pelagic;FOUR2_Pelagic;45°54.820';74°02.397';80;14:44;30 - 40 m;2;0;0;0;1;6;1;0;0;0;90;0;0;10;0;250;1;24.5;60.7;8.94;1.58;7.38;5.420;328.25;10.2989
Fournelle;FOUR2;03/08/2022;Charles;Pelagic;FOUR2_Pelagic;45°54.820';74°02.397';80;14:47;40 - 50 m ;2;10;0;0;0;2;1;0;0;0;90;0;0;10;0;250;0;24.5;60.7;8.94;1.58;7.38;5.420;328.25;10.2989
Fournelle;FOUR3;03/08/2022;Juliane;Littoral;FOUR3_Littoral;45°54.803';74°02.374';60;15:08;0 - 10 m ;8;35;0;0;3;0;1;0;0;0;100;0;0;0;30;50;12;24.6;60.7;8.78;1.33;7.61;5.370;308.87;7.4852
Fournelle;FOUR3;03/08/2022;Juliane;Littoral;FOUR3_Littoral;45°54.803';74°02.374';60;15:11;10 - 20 m;15;14;0;0;3;0;1;0;0;0;100;0;0;0;20;45;6;24.6;60.7;8.78;1.33;7.61;5.370;308.87;7.4852
Fournelle;FOUR3;03/08/2022;Juliane;Littoral;FOUR3_Littoral;45°54.803';74°02.374';60;15:14;20 - 30 m;4;42;0;0;21;1;1;0;1;0;100;0;0;0;10;45;15;24.6;60.7;8.78;1.33;7.61;5.370;308.87;7.4852
Fournelle;FOUR3;03/08/2022;Juliane;Littoral;FOUR3_Littoral;45°54.803';74°02.374';60;15:17;30 - 40 m;7;36;0;0;5;1;0;0;0;0;100;0;0;0;5;50;8;24.6;60.7;8.78;1.33;7.61;5.370;308.87;7.4852
Fournelle;FOUR3;03/08/2022;Juliane;Littoral;FOUR3_Littoral;45°54.803';74°02.374';60;15:20;40 - 50 m ;6;13;0;0;1;0;0;0;0;0;100;0;0;0;5;50;10;24.6;60.7;8.78;1.33;7.61;5.370;308.87;7.4852
Fournelle;FOUR3;03/08/2022;Charles;Pelagic;FOUR3_Pelagic;45°54.803';74°02.374';60;15:08;0 - 10 m ;0;1;0;0;0;4;0;0;0;0;100;0;0;0;1;80;3;24.6;60.7;8.78;1.33;7.61;5.370;308.87;7.4852
Fournelle;FOUR3;03/08/2022;Charles;Pelagic;FOUR3_Pelagic;45°54.803';74°02.374';60;15:11;10 - 20 m;1;13;0;0;0;2;0;0;0;0;100;0;0;0;1;80;1;24.6;60.7;8.78;1.33;7.61;5.370;308.87;7.4852
Fournelle;FOUR3;03/08/2022;Charles;Pelagic;FOUR3_Pelagic;45°54.803';74°02.374';60;15:14;20 - 30 m;0;4;0;0;0;1;1;0;0;0;100;0;0;0;1;80;1;24.6;60.7;8.78;1.33;7.61;5.370;308.87;7.4852
Fournelle;FOUR3;03/08/2022;Charles;Pelagic;FOUR3_Pelagic;45°54.803';74°02.374';60;15:17;30 - 40 m;2;18;0;0;0;1;0;0;0;0;100;0;0;0;2;65;1;24.6;60.7;8.78;1.33;7.61;5.370;308.87;7.4852
Fournelle;FOUR3;03/08/2022;Charles;Pelagic;FOUR3_Pelagic;45°54.803';74°02.374';60;15:20;40 - 50 m ;0;16;0;0;0;3;0;0;0;0;100;0;0;0;10;70;0;24.6;60.7;8.78;1.33;7.61;5.370;308.87;7.4852
Montaubois;MONT1;05/08/2022;NA;NA;MONT1_NA;45°55.243';74°04.387';20;09:30;0 - 10 m ;NA;NA;NA;NA;NA;NA;NA;NA;NA;NA;NA;NA;NA;NA;NA;NA;NA;22.6;60.9;8.26;0.03;6.44;3.880;303.17;6.111
Montaubois;MONT1;05/08/2022;NA;NA;MONT1_NA;45°55.243';74°04.387';20;09:30;10 - 20 m;NA;NA;NA;NA;NA;NA;NA;NA;NA;NA;NA;NA;NA;NA;NA;NA;NA;22.6;60.9;8.26;0.03;6.44;3.880;303.17;6.111
Montaubois;MONT1;05/08/2022;NA;NA;MONT1_NA;45°55.243';74°04.387';20;09:30;20 - 30 m;NA;NA;NA;NA;NA;NA;NA;NA;NA;NA;NA;NA;NA;NA;NA;NA;NA;22.6;60.9;8.26;0.03;6.44;3.880;303.17;6.111
Montaubois;MONT1;05/08/2022;NA;NA;MONT1_NA;45°55.243';74°04.387';20;09:30;30 - 40 m;NA;NA;NA;NA;NA;NA;NA;NA;NA;NA;NA;NA;NA;NA;NA;NA;NA;22.6;60.9;8.26;0.03;6.44;3.880;303.17;6.111
Montaubois;MONT1;05/08/2022;NA;NA;MONT1_NA;45°55.243';74°04.387';20;09:30;40 - 50 m ;NA;NA;NA;NA;NA;NA;NA;NA;NA;NA;NA;NA;NA;NA;NA;NA;NA;22.6;60.9;8.26;0.03;6.44;3.880;303.17;6.111
Montaubois;MONT2;05/08/2022;NA;NA;MONT2_NA;45°55.383';74°04.444';20;09:40;0 - 10 m ;NA;NA;NA;NA;NA;NA;NA;NA;NA;NA;NA;NA;NA;NA;NA;NA;NA;23.2;61.5;8.01;0.08;6.52;3.670;239.33;5.5773
Montaubois;MONT2;05/08/2022;NA;NA;MONT2_NA;45°55.383';74°04.444';20;09:40;10 - 20 m;NA;NA;NA;NA;NA;NA;NA;NA;NA;NA;NA;NA;NA;NA;NA;NA;NA;23.2;61.5;8.01;0.08;6.52;3.670;239.33;5.5773
Montaubois;MONT2;05/08/2022;NA;NA;MONT2_NA;45°55.383';74°04.444';20;09:40;20 - 30 m;NA;NA;NA;NA;NA;NA;NA;NA;NA;NA;NA;NA;NA;NA;NA;NA;NA;23.2;61.5;8.01;0.08;6.52;3.670;239.33;5.5773
Montaubois;MONT2;05/08/2022;NA;NA;MONT2_NA;45°55.383';74°04.444';20;09:40;30 - 40 m;NA;NA;NA;NA;NA;NA;NA;NA;NA;NA;NA;NA;NA;NA;NA;NA;NA;23.2;61.5;8.01;0.08;6.52;3.670;239.33;5.5773
Montaubois;MONT2;05/08/2022;NA;NA;MONT2_NA;45°55.383';74°04.444';20;09:40;40 - 50 m ;NA;NA;NA;NA;NA;NA;NA;NA;NA;NA;NA;NA;NA;NA;NA;NA;NA;23.2;61.5;8.01;0.08;6.52;3.670;239.33;5.5773
Montaubois;MONT3;05/08/2022;NA;NA;MONT3_NA;45°55.365';74°04.073';20;09:50;0 - 10 m ;NA;NA;NA;NA;NA;NA;NA;NA;NA;NA;NA;NA;NA;NA;NA;NA;NA;22.8;61.7;8.17;0.02;6.64;3.700;265.55;5.0967
Montaubois;MONT3;05/08/2022;NA;NA;MONT3_NA;45°55.365';74°04.073';20;09:50;10 - 20 m;NA;NA;NA;NA;NA;NA;NA;NA;NA;NA;NA;NA;NA;NA;NA;NA;NA;22.8;61.7;8.17;0.02;6.64;3.700;265.55;5.0967
Montaubois;MONT3;05/08/2022;NA;NA;MONT3_NA;45°55.365';74°04.073';20;09:50;20 - 30 m;NA;NA;NA;NA;NA;NA;NA;NA;NA;NA;NA;NA;NA;NA;NA;NA;NA;22.8;61.7;8.17;0.02;6.64;3.700;265.55;5.0967
Montaubois;MONT3;05/08/2022;NA;NA;MONT3_NA;45°55.365';74°04.073';20;09:50;30 - 40 m;NA;NA;NA;NA;NA;NA;NA;NA;NA;NA;NA;NA;NA;NA;NA;NA;NA;22.8;61.7;8.17;0.02;6.64;3.700;265.55;5.0967
Montaubois;MONT3;05/08/2022;NA;NA;MONT3_NA;45°55.365';74°04.073';20;09:50;40 - 50 m ;NA;NA;NA;NA;NA;NA;NA;NA;NA;NA;NA;NA;NA;NA;NA;NA;NA;22.8;61.7;8.17;0.02;6.64;3.700;265.55;5.0967
Morency;MORE1;19/08/2022;Charles;Littoral;MORE1_Littoral;45°55.868';74°01.889';5;12:05;0 - 10 m ;1;21;0;0;1;0;0;0;0;0;95;0;0;0;0;30;2;24.8;132.7;10.38;2.38;8.50;4.490;356.75;7.5123
Morency;MORE1;19/08/2022;Charles;Littoral;MORE1_Littoral;45°55.868';74°01.889';5;12:08;10 - 20 m;0;12;0;0;0;0;0;0;0;0;95;0;3;3;1;30;2;24.8;132.7;10.38;2.38;8.50;4.490;356.75;7.5123
Morency;MORE1;19/08/2022;Charles;Littoral;MORE1_Littoral;45°55.868';74°01.889';5;12:11;20 - 30 m;0;31;0;0;0;1;0;0;0;0;95;0;5;5;0;20;5;24.8;132.7;10.38;2.38;8.50;4.490;356.75;7.5123
Morency;MORE1;19/08/2022;Charles;Littoral;MORE1_Littoral;45°55.868';74°01.889';5;12:14;30 - 40 m;0;10;0;0;0;0;0;0;0;0;98;0;0;0;4;20;0;24.8;132.7;10.38;2.38;8.50;4.490;356.75;7.5123
Morency;MORE1;19/08/2022;Charles;Littoral;MORE1_Littoral;45°55.868';74°01.889';5;12:17;40 - 50 m ;5;8;0;0;0;0;0;0;0;0;100;0;0;0;0;20;0;24.8;132.7;10.38;2.38;8.50;4.490;356.75;7.5123
Morency;MORE1;19/08/2022;Lea;Pelagic;MORE1_Pelagic;45°55.868';74°01.889';5;12:05;0 - 10 m ;5;13;0;0;3;0;0;0;0;0;85;0;5;10;15;40;6;24.8;132.7;10.38;2.38;8.50;4.490;356.75;7.5123
Morency;MORE1;19/08/2022;Lea;Pelagic;MORE1_Pelagic;45°55.868';74°01.889';5;12:08;10 - 20 m;8;44;0;0;0;0;0;0;0;0;80;0;0;20;10;45;0;24.8;132.7;10.38;2.38;8.50;4.490;356.75;7.5123
Morency;MORE1;19/08/2022;Lea;Pelagic;MORE1_Pelagic;45°55.868';74°01.889';5;12:11;20 - 30 m;2;53;0;0;0;0;0;0;0;0;60;0;15;25;20;35;0;24.8;132.7;10.38;2.38;8.50;4.490;356.75;7.5123
Morency;MORE1;19/08/2022;Lea;Pelagic;MORE1_Pelagic;45°55.868';74°01.889';5;12:14;30 - 40 m;2;27;0;0;0;0;0;0;0;0;97;0;3;0;25;30;0;24.8;132.7;10.38;2.38;8.50;4.490;356.75;7.5123
Morency;MORE1;19/08/2022;Lea;Pelagic;MORE1_Pelagic;45°55.868';74°01.889';5;12:17;40 - 50 m ;1;46;0;0;0;0;0;0;0;0;80;0;5;15;10;35;0;24.8;132.7;10.38;2.38;8.50;4.490;356.75;7.5123
Morency;MORE2;19/08/2022;Juliane;Littoral;MORE2_Littoral;45°55.829';74°02.044';2;11:30;0 - 10 m ;5;11;0;0;0;0;0;0;0;0;10;0;20;70;10;40;8;24.0;129.3;9.53;4.32;8.16;4.300;341.93;6.8925
Morency;MORE2;19/08/2022;Juliane;Littoral;MORE2_Littoral;45°55.829';74°02.044';2;11:33;10 - 20 m;3;13;0;0;1;0;0;0;0;0;5;0;15;80;5;120;12;24.0;129.3;9.53;4.32;8.16;4.300;341.93;6.8925
Morency;MORE2;19/08/2022;Juliane;Littoral;MORE2_Littoral;45°55.829';74°02.044';2;11:36;20 - 30 m;2;8;0;0;1;0;0;0;0;0;20;0;50;40;2;50;1;24.0;129.3;9.53;4.32;8.16;4.300;341.93;6.8925
Morency;MORE2;19/08/2022;Juliane;Littoral;MORE2_Littoral;45°55.829';74°02.044';2;11:39;30 - 40 m;1;31;0;0;4;0;0;0;0;0;8;2;40;50;2;50;22;24.0;129.3;9.53;4.32;8.16;4.300;341.93;6.8925
Morency;MORE2;19/08/2022;Juliane;Littoral;MORE2_Littoral;45°55.829';74°02.044';2;11:42;40 - 50 m ;2;3;0;0;0;0;0;0;0;0;25;5;20;50;10;100;11;24.0;129.3;9.53;4.32;8.16;4.300;341.93;6.8925
Morency;MORE2;19/08/2022;Charles;Pelagic;MORE2_Pelagic;45°55.829';74°02.044';2;11:30;0 - 10 m ;0;36;0;0;1;1;0;0;0;0;80;0;0;20;15;220;3;24.0;129.3;9.53;4.32;8.16;4.300;341.93;6.8925
Morency;MORE2;19/08/2022;Charles;Pelagic;MORE2_Pelagic;45°55.829';74°02.044';2;11:33;10 - 20 m;0;60;0;0;0;0;0;0;0;0;70;0;0;30;10;250;30;24.0;129.3;9.53;4.32;8.16;4.300;341.93;6.8925
Morency;MORE2;19/08/2022;Charles;Pelagic;MORE2_Pelagic;45°55.829';74°02.044';2;11:36;20 - 30 m;0;6;0;0;0;0;0;0;0;0;80;0;0;20;3;230;6;24.0;129.3;9.53;4.32;8.16;4.300;341.93;6.8925
Morency;MORE2;19/08/2022;Charles;Pelagic;MORE2_Pelagic;45°55.829';74°02.044';2;11:39;30 - 40 m;0;10;0;0;4;0;0;0;0;0;70;0;10;20;0;350;0;24.0;129.3;9.53;4.32;8.16;4.300;341.93;6.8925
Morency;MORE2;19/08/2022;Charles;Pelagic;MORE2_Pelagic;45°55.829';74°02.044';2;11:42;40 - 50 m ;0;13;0;0;2;0;0;0;0;0;60;0;10;30;2;270;1;24.0;129.3;9.53;4.32;8.16;4.300;341.93;6.8925
Morency;MORE3;19/08/2022;Juliane;Littoral;MORE3_Littoral;45°55.727';74°02.213';3;10:45;0 - 10 m ;9;14;0;0;0;0;0;0;0;0;20;0;30;50;10;60;12;23.2;128.6;9.29;0.42;8.17;4.250;355.61;8.4191
Morency;MORE3;19/08/2022;Juliane;Littoral;MORE3_Littoral;45°55.727';74°02.213';3;10:48;10 - 20 m;2;8;0;0;0;0;0;0;0;0;10;0;70;20;30;40;3;23.2;128.6;9.29;0.42;8.17;4.250;355.61;8.4191
Morency;MORE3;19/08/2022;Juliane;Littoral;MORE3_Littoral;45°55.727';74°02.213';3;10:51;20 - 30 m;7;16;0;0;0;1;0;0;0;0;15;0;75;10;20;50;4;23.2;128.6;9.29;0.42;8.17;4.250;355.61;8.4191
Morency;MORE3;19/08/2022;Juliane;Littoral;MORE3_Littoral;45°55.727';74°02.213';3;10:54;30 - 40 m;1;31;0;0;0;0;0;0;0;0;10;0;65;30;20;40;2;23.2;128.6;9.29;0.42;8.17;4.250;355.61;8.4191
Morency;MORE3;19/08/2022;Juliane;Littoral;MORE3_Littoral;45°55.727';74°02.213';3;10:57;40 - 50 m ;10;24;0;0;0;0;0;0;0;0;0;0;20;80;5;100;1;23.2;128.6;9.29;0.42;8.17;4.250;355.61;8.4191
Morency;MORE3;19/08/2022;Lea;Pelagic;MORE3_Pelagic;45°55.727';74°02.213';3;10:45;0 - 10 m ;19;26;0;0;1;0;0;0;0;0;35;0;25;40;10;200;4;23.2;128.6;9.29;0.42;8.17;4.250;355.61;8.4191
Morency;MORE3;19/08/2022;Lea;Pelagic;MORE3_Pelagic;45°55.727';74°02.213';3;10:48;10 - 20 m;7;9;0;0;1;0;0;0;0;0;40;0;35;25;5;200;12;23.2;128.6;9.29;0.42;8.17;4.250;355.61;8.4191
Morency;MORE3;19/08/2022;Lea;Pelagic;MORE3_Pelagic;45°55.727';74°02.213';3;10:51;20 - 30 m;85;69;0;0;4;0;0;0;0;0;45;0;10;45;10;200;5;23.2;128.6;9.29;0.42;8.17;4.250;355.61;8.4191
Morency;MORE3;19/08/2022;Lea;Pelagic;MORE3_Pelagic;45°55.727';74°02.213';3;10:54;30 - 40 m;55;51;0;0;3;0;0;0;0;0;40;0;10;50;15;200;25;23.2;128.6;9.29;0.42;8.17;4.250;355.61;8.4191
Morency;MORE3;19/08/2022;Lea;Pelagic;MORE3_Pelagic;45°55.727';74°02.213';3;10:57;40 - 50 m ;41;55;0;0;2;0;0;0;0;0;30;0;15;55;10;200;15;23.2;128.6;9.29;0.42;8.17;4.250;355.61;8.4191
Morency;MORE4;19/08/2022;Lea;Littoral;MORE4_Littoral;45°55.678';74°02.039';10;09:57;0 - 10 m ;2;8;2;0;1;0;0;0;0;0;5;0;10;85;70;4;4;22.3;126.1;9.52;0.43;8.28;4.300;355.61;6.6601
Morency;MORE4;19/08/2022;Lea;Littoral;MORE4_Littoral;45°55.678';74°02.039';10;10:00;10 - 20 m;4;17;45;0;0;0;0;0;0;0;55;30;0;15;38;0;0;22.3;126.1;9.52;0.43;8.28;4.300;355.61;6.6601
Morency;MORE4;19/08/2022;Lea;Littoral;MORE4_Littoral;45°55.678';74°02.039';10;10:03;20 - 30 m;6;25;40;0;1;0;0;0;0;0;70;0;10;20;45;1;1;22.3;126.1;9.52;0.43;8.28;4.300;355.61;6.6601
Morency;MORE4;19/08/2022;Lea;Littoral;MORE4_Littoral;45°55.678';74°02.039';10;10:06;30 - 40 m;6;25;0;0;1;0;0;0;0;0;30;0;10;60;120;4;4;22.3;126.1;9.52;0.43;8.28;4.300;355.61;6.6601
Morency;MORE4;19/08/2022;Lea;Littoral;MORE4_Littoral;45°55.678';74°02.039';10;10:09;40 - 50 m ;13;7;0;0;0;0;0;0;0;0;50;0;10;40;40;1;1;22.3;126.1;9.52;0.43;8.28;4.300;355.61;6.6601
Morency;MORE4;19/08/2022;Juliane;Pelagic;MORE4_Pelagic;45°55.678';74°02.039';10;09:57;0 - 10 m ;0;4;0;0;0;0;0;0;0;0;15;0;70;15;50;140;1;22.3;126.1;9.52;0.43;8.28;4.300;355.61;6.6601
Morency;MORE4;19/08/2022;Juliane;Pelagic;MORE4_Pelagic;45°55.678';74°02.039';10;10:00;10 - 20 m;3;6;142;0;0;0;0;0;0;0;90;0;10;0;90;80;0;22.3;126.1;9.52;0.43;8.28;4.300;355.61;6.6601
Morency;MORE4;19/08/2022;Juliane;Pelagic;MORE4_Pelagic;45°55.678';74°02.039';10;10:03;20 - 30 m;1;4;50;0;2;0;0;0;0;0;80;0;10;10;50;80;5;22.3;126.1;9.52;0.43;8.28;4.300;355.61;6.6601
Morency;MORE4;19/08/2022;Juliane;Pelagic;MORE4_Pelagic;45°55.678';74°02.039';10;10:06;30 - 40 m;3;3;0;0;1;0;0;0;0;0;60;0;10;30;30;150;10;22.3;126.1;9.52;0.43;8.28;4.300;355.61;6.6601
Morency;MORE4;19/08/2022;Juliane;Pelagic;MORE4_Pelagic;45°55.678';74°02.039';10;10:09;40 - 50 m ;9;17;0;0;1;0;0;0;0;0;75;0;25;0;40;120;5;22.3;126.1;9.52;0.43;8.28;4.300;355.61;6.6601
Pin_rouge;PINR1;27/08/2022;Lea;Littoral;PINR1_Littoral;45°57.608';74°02.613';80;14:00;0 - 10 m ;0;0;0;0;0;0;0;0;0;0;100;0;0;0;5;50;0;21.0;45.5;7.70;0.39;6.74;8.270;502.67;13.6476
Pin_rouge;PINR1;27/08/2022;Lea;Littoral;PINR1_Littoral;45°57.608';74°02.613';80;14:00;10 - 20 m;0;0;0;0;0;0;0;0;0;0;100;0;0;0;10;40;0;21.0;45.5;7.70;0.39;6.74;8.270;502.67;13.6476
Pin_rouge;PINR1;27/08/2022;Lea;Littoral;PINR1_Littoral;45°57.608';74°02.613';80;14:00;20 - 30 m;0;0;0;0;0;0;0;0;0;0;100;0;0;0;90;15;0;21.0;45.5;7.70;0.39;6.74;8.270;502.67;13.6476
Pin_rouge;PINR1;27/08/2022;Lea;Littoral;PINR1_Littoral;45°57.608';74°02.613';80;14:00;30 - 40 m;0;0;0;0;0;0;0;0;0;0;100;0;0;0;100;15;0;21.0;45.5;7.70;0.39;6.74;8.270;502.67;13.6476
Pin_rouge;PINR1;27/08/2022;Lea;Littoral;PINR1_Littoral;45°57.608';74°02.613';80;14:00;40 - 50 m ;0;0;0;0;0;0;0;0;0;0;100;0;0;0;100;15;0;21.0;45.5;7.70;0.39;6.74;8.270;502.67;13.6476
Pin_rouge;PINR1;27/08/2022;Charles;Pelagic;PINR1_Pelagic;45°57.608';74°02.613';80;14:00;0 - 10 m ;0;1;0;0;0;0;0;0;0;0;100;0;0;0;15;35;2;21.0;45.5;7.70;0.39;6.74;8.270;502.67;13.6476
Pin_rouge;PINR1;27/08/2022;Charles;Pelagic;PINR1_Pelagic;45°57.608';74°02.613';80;14:00;10 - 20 m;0;1;0;0;0;0;0;0;0;0;100;0;0;0;15;40;1;21.0;45.5;7.70;0.39;6.74;8.270;502.67;13.6476
Pin_rouge;PINR1;27/08/2022;Charles;Pelagic;PINR1_Pelagic;45°57.608';74°02.613';80;14:00;20 - 30 m;0;0;0;0;0;0;0;0;0;0;100;0;0;0;75;35;1;21.0;45.5;7.70;0.39;6.74;8.270;502.67;13.6476
Pin_rouge;PINR1;27/08/2022;Charles;Pelagic;PINR1_Pelagic;45°57.608';74°02.613';80;14:00;30 - 40 m;0;0;0;0;0;0;0;0;0;0;100;0;0;0;100;40;0;21.0;45.5;7.70;0.39;6.74;8.270;502.67;13.6476
Pin_rouge;PINR1;27/08/2022;Charles;Pelagic;PINR1_Pelagic;45°57.608';74°02.613';80;14:00;40 - 50 m ;0;0;0;0;0;0;0;0;0;0;100;0;0;0;100;40;1;21.0;45.5;7.70;0.39;6.74;8.270;502.67;13.6476
Pin_rouge;PINR2;27/08/2022;Lea;Littoral;PINR2_Littoral;45°57.515';74°02.498';40;15:07;0 - 10 m ;5;30;0;0;1;0;0;3;0;0;60;20;0;20;30;25;4;20.9;45.9;8.13;0.35;6.42;8.290;460.49;13.4307
Pin_rouge;PINR2;27/08/2022;Lea;Littoral;PINR2_Littoral;45°57.515';74°02.498';40;15:07;10 - 20 m;5;10;0;0;0;0;2;1;0;0;90;0;10;0;35;50;12;20.9;45.9;8.13;0.35;6.42;8.290;460.49;13.4307
Pin_rouge;PINR2;27/08/2022;Lea;Littoral;PINR2_Littoral;45°57.515';74°02.498';40;15:07;20 - 30 m;5;10;0;0;2;0;0;5;0;0;60;10;10;20;3;60;5;20.9;45.9;8.13;0.35;6.42;8.290;460.49;13.4307
Pin_rouge;PINR2;27/08/2022;Lea;Littoral;PINR2_Littoral;45°57.515';74°02.498';40;15:07;30 - 40 m;1;3;0;0;1;0;1;0;0;0;40;0;0;60;15;40;6;20.9;45.9;8.13;0.35;6.42;8.290;460.49;13.4307
Pin_rouge;PINR2;27/08/2022;Lea;Littoral;PINR2_Littoral;45°57.515';74°02.498';40;15:07;40 - 50 m ;8;5;0;0;0;0;3;0;0;0;55;10;25;10;30;50;2;20.9;45.9;8.13;0.35;6.42;8.290;460.49;13.4307
Pin_rouge;PINR2;27/08/2022;Juliane;Pelagic;PINR2_Pelagic;45°57.515';74°02.498';40;15:07;0 - 10 m ;3;17;0;0;1;0;1;3;0;0;50;50;0;0;30;40;1;20.9;45.9;8.13;0.35;6.42;8.290;460.49;13.4307
Pin_rouge;PINR2;27/08/2022;Juliane;Pelagic;PINR2_Pelagic;45°57.515';74°02.498';40;15:07;10 - 20 m;1;3;0;0;0;0;2;3;0;0;100;0;0;0;20;60;0;20.9;45.9;8.13;0.35;6.42;8.290;460.49;13.4307
Pin_rouge;PINR2;27/08/2022;Juliane;Pelagic;PINR2_Pelagic;45°57.515';74°02.498';40;15:07;20 - 30 m;8;3;0;0;0;0;4;1;0;0;100;0;0;0;50;70;2;20.9;45.9;8.13;0.35;6.42;8.290;460.49;13.4307
Pin_rouge;PINR2;27/08/2022;Juliane;Pelagic;PINR2_Pelagic;45°57.515';74°02.498';40;15:07;30 - 40 m;3;4;0;0;0;0;2;2;0;0;90;0;0;10;15;70;3;20.9;45.9;8.13;0.35;6.42;8.290;460.49;13.4307
Pin_rouge;PINR2;27/08/2022;Juliane;Pelagic;PINR2_Pelagic;45°57.515';74°02.498';40;15:07;40 - 50 m ;3;10;0;0;0;0;1;1;0;0;50;0;0;50;5;100;2;20.9;45.9;8.13;0.35;6.42;8.290;460.49;13.4307
Pin_rouge;PINR3;27/08/2022;Juliane;Littoral;PINR3_Littoral;45°57.493';74°02.606';80;14:31;0 - 10 m ;0;3;0;0;0;0;0;0;1;2;95;5;0;0;2;20;10;20.7;45.7;8.08;0.12;7.01;8.150;408.05;8.1835
Pin_rouge;PINR3;27/08/2022;Juliane;Littoral;PINR3_Littoral;45°57.493';74°02.606';80;14:31;10 - 20 m;0;2;0;0;0;0;0;0;0;0;93;2;5;0;5;20;3;20.7;45.7;8.08;0.12;7.01;8.150;408.05;8.1835
Pin_rouge;PINR3;27/08/2022;Juliane;Littoral;PINR3_Littoral;45°57.493';74°02.606';80;14:31;20 - 30 m;1;3;0;0;0;0;0;0;0;0;100;0;0;0;0;15;0;20.7;45.7;8.08;0.12;7.01;8.150;408.05;8.1835
Pin_rouge;PINR3;27/08/2022;Juliane;Littoral;PINR3_Littoral;45°57.493';74°02.606';80;14:31;30 - 40 m;5;11;0;0;0;0;0;0;1;0;100;0;0;0;5;15;1;20.7;45.7;8.08;0.12;7.01;8.150;408.05;8.1835
Pin_rouge;PINR3;27/08/2022;Juliane;Littoral;PINR3_Littoral;45°57.493';74°02.606';80;14:31;40 - 50 m ;1;2;0;0;0;0;0;0;1;0;100;0;0;0;0;20;2;20.7;45.7;8.08;0.12;7.01;8.150;408.05;8.1835
Pin_rouge;PINR3;27/08/2022;Lea;Pelagic;PINR3_Pelagic;45°57.493';74°02.606';80;14:31;0 - 10 m ;0;0;0;0;0;0;0;0;0;0;100;0;0;0;0;40;0;20.7;45.7;8.08;0.12;7.01;8.150;408.05;8.1835
Pin_rouge;PINR3;27/08/2022;Lea;Pelagic;PINR3_Pelagic;45°57.493';74°02.606';80;14:31;10 - 20 m;0;0;0;0;0;0;0;0;0;0;100;0;0;0;10;35;0;20.7;45.7;8.08;0.12;7.01;8.150;408.05;8.1835
Pin_rouge;PINR3;27/08/2022;Lea;Pelagic;PINR3_Pelagic;45°57.493';74°02.606';80;14:31;20 - 30 m;0;4;0;0;0;0;0;0;0;0;100;0;0;0;35;30;0;20.7;45.7;8.08;0.12;7.01;8.150;408.05;8.1835
Pin_rouge;PINR3;27/08/2022;Lea;Pelagic;PINR3_Pelagic;45°57.493';74°02.606';80;14:31;30 - 40 m;0;2;0;0;0;0;0;0;0;0;100;0;0;0;20;25;1;20.7;45.7;8.08;0.12;7.01;8.150;408.05;8.1835
Pin_rouge;PINR3;27/08/2022;Lea;Pelagic;PINR3_Pelagic;45°57.493';74°02.606';80;14:31;40 - 50 m ;0;4;0;0;0;0;0;0;0;0;100;0;0;0;15;45;3;20.7;45.7;8.08;0.12;7.01;8.150;408.05;8.1835
St-Onge;STON1;03/08/2022;NA;NA;STON1_NA;45°54.924';73°57.716';30;09:30;0 - 10 m ;NA;NA;NA;NA;NA;NA;NA;NA;NA;NA;NA;NA;NA;NA;NA;NA;NA;22.8;99.1;7.10;1.36;6.18;13.100;530.03;17.6344
St-Onge;STON1;03/08/2022;NA;NA;STON1_NA;45°54.924';73°57.716';30;09:30;10 - 20 m;NA;NA;NA;NA;NA;NA;NA;NA;NA;NA;NA;NA;NA;NA;NA;NA;NA;22.8;99.1;7.10;1.36;6.18;13.100;530.03;17.6344
St-Onge;STON1;03/08/2022;NA;NA;STON1_NA;45°54.924';73°57.716';30;09:30;20 - 30 m;NA;NA;NA;NA;NA;NA;NA;NA;NA;NA;NA;NA;NA;NA;NA;NA;NA;22.8;99.1;7.10;1.36;6.18;13.100;530.03;17.6344
St-Onge;STON1;03/08/2022;NA;NA;STON1_NA;45°54.924';73°57.716';30;09:30;30 - 40 m;NA;NA;NA;NA;NA;NA;NA;NA;NA;NA;NA;NA;NA;NA;NA;NA;NA;22.8;99.1;7.10;1.36;6.18;13.100;530.03;17.6344
St-Onge;STON1;03/08/2022;NA;NA;STON1_NA;45°54.924';73°57.716';30;09:30;40 - 50 m ;NA;NA;NA;NA;NA;NA;NA;NA;NA;NA;NA;NA;NA;NA;NA;NA;NA;22.8;99.1;7.10;1.36;6.18;13.100;530.03;17.6344
St-Onge;STON2;03/08/2022;NA;NA;STON2_NA;45°54.834';73°57.762';30;09:45;0 - 10 m ;NA;NA;NA;NA;NA;NA;NA;NA;NA;NA;NA;NA;NA;NA;NA;NA;NA;22.3;94.4;7.64;1.45;6.55;13.300;656.57;25.7782
St-Onge;STON2;03/08/2022;NA;NA;STON2_NA;45°54.834';73°57.762';30;09:45;10 - 20 m;NA;NA;NA;NA;NA;NA;NA;NA;NA;NA;NA;NA;NA;NA;NA;NA;NA;22.3;94.4;7.64;1.45;6.55;13.300;656.57;25.7782
St-Onge;STON2;03/08/2022;NA;NA;STON2_NA;45°54.834';73°57.762';30;09:45;20 - 30 m;NA;NA;NA;NA;NA;NA;NA;NA;NA;NA;NA;NA;NA;NA;NA;NA;NA;22.3;94.4;7.64;1.45;6.55;13.300;656.57;25.7782
St-Onge;STON2;03/08/2022;NA;NA;STON2_NA;45°54.834';73°57.762';30;09:45;30 - 40 m;NA;NA;NA;NA;NA;NA;NA;NA;NA;NA;NA;NA;NA;NA;NA;NA;NA;22.3;94.4;7.64;1.45;6.55;13.300;656.57;25.7782
St-Onge;STON2;03/08/2022;NA;NA;STON2_NA;45°54.834';73°57.762';30;09:45;40 - 50 m ;NA;NA;NA;NA;NA;NA;NA;NA;NA;NA;NA;NA;NA;NA;NA;NA;NA;22.3;94.4;7.64;1.45;6.55;13.300;656.57;25.7782
Tracy;TRAC1;05/08/2022;NA;NA;TRAC1_NA;45°55.521';74°04.035';20;11:10;0 - 10 m ;NA;NA;NA;NA;NA;NA;NA;NA;NA;NA;NA;NA;NA;NA;NA;NA;NA;23.0;71.1;8.31;0.08;6.45;3.310;272.39;4.822
Tracy;TRAC1;05/08/2022;NA;NA;TRAC1_NA;45°55.521';74°04.035';20;11:10;10 - 20 m;NA;NA;NA;NA;NA;NA;NA;NA;NA;NA;NA;NA;NA;NA;NA;NA;NA;23.0;71.1;8.31;0.08;6.45;3.310;272.39;4.822
Tracy;TRAC1;05/08/2022;NA;NA;TRAC1_NA;45°55.521';74°04.035';20;11:10;20 - 30 m;NA;NA;NA;NA;NA;NA;NA;NA;NA;NA;NA;NA;NA;NA;NA;NA;NA;23.0;71.1;8.31;0.08;6.45;3.310;272.39;4.822
Tracy;TRAC1;05/08/2022;NA;NA;TRAC1_NA;45°55.521';74°04.035';20;11:10;30 - 40 m;NA;NA;NA;NA;NA;NA;NA;NA;NA;NA;NA;NA;NA;NA;NA;NA;NA;23.0;71.1;8.31;0.08;6.45;3.310;272.39;4.822
Tracy;TRAC1;05/08/2022;NA;NA;TRAC1_NA;45°55.521';74°04.035';20;11:10;40 - 50 m ;NA;NA;NA;NA;NA;NA;NA;NA;NA;NA;NA;NA;NA;NA;NA;NA;NA;23.0;71.1;8.31;0.08;6.45;3.310;272.39;4.822
Tracy;TRAC2;05/08/2022;NA;NA;TRAC2_NA;45°55.690';74°03.833';20;11:18;0 - 10 m ;NA;NA;NA;NA;NA;NA;NA;NA;NA;NA;NA;NA;NA;NA;NA;NA;NA;24.1;72.9;8.24;0.03;6.35;3.870;467.33;8.6231
Tracy;TRAC2;05/08/2022;NA;NA;TRAC2_NA;45°55.690';74°03.833';20;11:18;10 - 20 m;NA;NA;NA;NA;NA;NA;NA;NA;NA;NA;NA;NA;NA;NA;NA;NA;NA;24.1;72.9;8.24;0.03;6.35;3.870;467.33;8.6231
Tracy;TRAC2;05/08/2022;NA;NA;TRAC2_NA;45°55.690';74°03.833';20;11:18;20 - 30 m;NA;NA;NA;NA;NA;NA;NA;NA;NA;NA;NA;NA;NA;NA;NA;NA;NA;24.1;72.9;8.24;0.03;6.35;3.870;467.33;8.6231
Tracy;TRAC2;05/08/2022;NA;NA;TRAC2_NA;45°55.690';74°03.833';20;11:18;30 - 40 m;NA;NA;NA;NA;NA;NA;NA;NA;NA;NA;NA;NA;NA;NA;NA;NA;NA;24.1;72.9;8.24;0.03;6.35;3.870;467.33;8.6231
Tracy;TRAC2;05/08/2022;NA;NA;TRAC2_NA;45°55.690';74°03.833';20;11:18;40 - 50 m ;NA;NA;NA;NA;NA;NA;NA;NA;NA;NA;NA;NA;NA;NA;NA;NA;NA;24.1;72.9;8.24;0.03;6.35;3.870;467.33;8.6231
Triton;TRIT1;10/08/2022;Louis-Philippe;Littoral;TRIT1_Littoral;45°59.298';74°00.457';70;13:15;0 - 10 m ;61;0;0;0;0;0;0;0;0;0;98;0;0;2;90;40;0;20.9;14.3;7.52;1.19;5.99;7.090;386.39;9.5666
Triton;TRIT1;10/08/2022;Louis-Philippe;Littoral;TRIT1_Littoral;45°59.298';74°00.457';70;13:18;10 - 20 m;88;0;0;0;0;0;0;0;0;0;100;0;0;0;90;80;1;20.9;14.3;7.52;1.19;5.99;7.090;386.39;9.5666
Triton;TRIT1;10/08/2022;Louis-Philippe;Littoral;TRIT1_Littoral;45°59.298';74°00.457';70;13:21;20 - 30 m;117;0;0;0;0;0;0;0;0;0;100;0;0;0;80;70;1;20.9;14.3;7.52;1.19;5.99;7.090;386.39;9.5666
Triton;TRIT1;10/08/2022;Louis-Philippe;Littoral;TRIT1_Littoral;45°59.298';74°00.457';70;13:24;30 - 40 m;83;0;0;0;0;0;0;0;0;0;100;0;0;0;80;80;8;20.9;14.3;7.52;1.19;5.99;7.090;386.39;9.5666
Triton;TRIT1;10/08/2022;Louis-Philippe;Littoral;TRIT1_Littoral;45°59.298';74°00.457';70;13:27;40 - 50 m ;30;0;0;0;0;0;0;0;0;0;100;0;0;0;75;70;10;20.9;14.3;7.52;1.19;5.99;7.090;386.39;9.5666
Triton;TRIT1;10/08/2022;Charles;Pelagic;TRIT1_Pelagic;45°59.298';74°00.457';70;13:15;0 - 10 m ;146;0;0;0;0;0;0;0;0;0;90;0;0;10;40;180;1;20.9;14.3;7.52;1.19;5.99;7.090;386.39;9.5666
Triton;TRIT1;10/08/2022;Charles;Pelagic;TRIT1_Pelagic;45°59.298';74°00.457';70;13:18;10 - 20 m;0;0;1;0;0;0;0;0;0;0;100;0;0;0;40;185;1;20.9;14.3;7.52;1.19;5.99;7.090;386.39;9.5666
Triton;TRIT1;10/08/2022;Charles;Pelagic;TRIT1_Pelagic;45°59.298';74°00.457';70;13:21;20 - 30 m;1;0;0;0;0;0;0;0;0;0;100;0;0;0;25;190;1;20.9;14.3;7.52;1.19;5.99;7.090;386.39;9.5666
Triton;TRIT1;10/08/2022;Charles;Pelagic;TRIT1_Pelagic;45°59.298';74°00.457';70;13:24;30 - 40 m;4;0;0;0;0;0;0;0;0;0;100;0;0;0;25;190;2;20.9;14.3;7.52;1.19;5.99;7.090;386.39;9.5666
Triton;TRIT1;10/08/2022;Charles;Pelagic;TRIT1_Pelagic;45°59.298';74°00.457';70;13:27;40 - 50 m ;8;0;0;0;0;0;0;0;0;0;100;0;0;0;30;200;2;20.9;14.3;7.52;1.19;5.99;7.090;386.39;9.5666
Triton;TRIT2;10/08/2022;Lea;Littoral;TRIT2_Littoral;45°59.296';74°00.456';60;13:18;0 - 10 m ;2;0;0;0;0;0;0;0;0;0;85;0;0;15;30;150;30;20.9;14.2;7.55;0.82;5.69;7.930;379.55;10.1204
Triton;TRIT2;10/08/2022;Lea;Littoral;TRIT2_Littoral;45°59.296';74°00.456';60;13:21;10 - 20 m;1;0;0;0;0;0;0;0;0;0;85;0;0;15;20;100;14;20.9;14.2;7.55;0.82;5.69;7.930;379.55;10.1204
Triton;TRIT2;10/08/2022;Lea;Littoral;TRIT2_Littoral;45°59.296';74°00.456';60;13:24;20 - 30 m;40;0;0;0;0;0;0;0;0;0;50;0;45;5;10;100;25;20.9;14.2;7.55;0.82;5.69;7.930;379.55;10.1204
Triton;TRIT2;10/08/2022;Lea;Littoral;TRIT2_Littoral;45°59.296';74°00.456';60;13:27;30 - 40 m;11;0;0;0;0;0;0;0;0;0;100;0;0;0;15;50;30;20.9;14.2;7.55;0.82;5.69;7.930;379.55;10.1204
Triton;TRIT2;10/08/2022;Lea;Littoral;TRIT2_Littoral;45°59.296';74°00.456';60;13:30;40 - 50 m ;2;0;0;0;0;0;0;0;0;0;100;0;0;0;95;40;11;20.9;14.2;7.55;0.82;5.69;7.930;379.55;10.1204
Triton;TRIT2;10/08/2022;Juliane;Pelagic;TRIT2_Pelagic;45°59.296';74°00.456';60;13:18;0 - 10 m ;1;0;0;0;0;0;0;0;0;0;100;0;0;0;10;170;6;20.9;14.2;7.55;0.82;5.69;7.930;379.55;10.1204
Triton;TRIT2;10/08/2022;Juliane;Pelagic;TRIT2_Pelagic;45°59.296';74°00.456';60;13:21;10 - 20 m;4;0;0;0;0;0;0;0;0;0;100;0;0;0;40;150;16;20.9;14.2;7.55;0.82;5.69;7.930;379.55;10.1204
Triton;TRIT2;10/08/2022;Juliane;Pelagic;TRIT2_Pelagic;45°59.296';74°00.456';60;13:24;20 - 30 m;101;0;0;0;0;0;0;0;0;0;100;0;0;0;30;200;20;20.9;14.2;7.55;0.82;5.69;7.930;379.55;10.1204
Triton;TRIT2;10/08/2022;Juliane;Pelagic;TRIT2_Pelagic;45°59.296';74°00.456';60;13:27;30 - 40 m;0;0;0;0;0;0;0;0;0;0;100;0;0;0;70;150;7;20.9;14.2;7.55;0.82;5.69;7.930;379.55;10.1204
Triton;TRIT2;10/08/2022;Juliane;Pelagic;TRIT2_Pelagic;45°59.296';74°00.456';60;13:30;40 - 50 m ;149;0;0;0;0;0;0;0;0;0;95;0;0;5;90;100;7;20.9;14.2;7.55;0.82;5.69;7.930;379.55;10.1204